cluster	uid	wt_uid	wt_uid_dataset
1531d68da8c9695686b7_mega	1531d68da8c9695686b7_mega	1531d68da8c9695686b7	mega
e23b8e885caf0009dea9_mega	e23b8e885caf0009dea9_mega	e23b8e885caf0009dea9	mega
12a97526f5538e795004_mega	12a97526f5538e795004_mega	12a97526f5538e795004	mega
12a97526f5538e795004_mega	1dc1ec899be6ef5bc9c1_mega	1dc1ec899be6ef5bc9c1	mega
861d368f8893c8966ded_mega	861d368f8893c8966ded_mega	861d368f8893c8966ded	mega
5d089892785692506fa0_mega	5d089892785692506fa0_mega	5d089892785692506fa0	mega
4ecbbcf348fa41bcf7b1_mega	4ecbbcf348fa41bcf7b1_mega	4ecbbcf348fa41bcf7b1	mega
211f0b78d44308a94943_mega	211f0b78d44308a94943_mega	211f0b78d44308a94943	mega
2d319fa3904ad2402164_mega	2d319fa3904ad2402164_mega	2d319fa3904ad2402164	mega
08a18557fc899c149005_mega	08a18557fc899c149005_mega	08a18557fc899c149005	mega
161fbfb2f5822dded905_mega	161fbfb2f5822dded905_mega	161fbfb2f5822dded905	mega
d0202d819995fea1dec9_mega	d0202d819995fea1dec9_mega	d0202d819995fea1dec9	mega
d0202d819995fea1dec9_mega	43f06e2f591e3f78e218_mega	43f06e2f591e3f78e218	mega
d0202d819995fea1dec9_mega	30b095e6d78a53937ce7_mega	30b095e6d78a53937ce7	mega
5ac78ac3cedeaa8d3196_mega	5ac78ac3cedeaa8d3196_mega	5ac78ac3cedeaa8d3196	mega
5ac78ac3cedeaa8d3196_mega	e0fd634b1c0258c1e516_mega	e0fd634b1c0258c1e516	mega
a6e2bb9ebb640f24523c_mega	a6e2bb9ebb640f24523c_mega	a6e2bb9ebb640f24523c	mega
6bc12cf52cce9a6a2c43_mega	6bc12cf52cce9a6a2c43_mega	6bc12cf52cce9a6a2c43	mega
3d58388f7216b2d7c961_mega	3d58388f7216b2d7c961_mega	3d58388f7216b2d7c961	mega
574d41deb62426d22b71_mega	574d41deb62426d22b71_mega	574d41deb62426d22b71	mega
cc79efa5040a9d5ba94e_mega	cc79efa5040a9d5ba94e_mega	cc79efa5040a9d5ba94e	mega
ee21bb80e979a198e5da_mega	ee21bb80e979a198e5da_mega	ee21bb80e979a198e5da	mega
3a1e1d426ccdc34d6bdc_mega	3a1e1d426ccdc34d6bdc_mega	3a1e1d426ccdc34d6bdc	mega
6b8b8b08a813e70e499e_mega	6b8b8b08a813e70e499e_mega	6b8b8b08a813e70e499e	mega
3b359b2f0674992f71d4_mega	3b359b2f0674992f71d4_mega	3b359b2f0674992f71d4	mega
5f63dc90b465db613d65_mega	5f63dc90b465db613d65_mega	5f63dc90b465db613d65	mega
18444b5688501fa01055_mega	18444b5688501fa01055_mega	18444b5688501fa01055	mega
578264fcefdc3662b129_mega	578264fcefdc3662b129_mega	578264fcefdc3662b129	mega
ae8f9ea9c07d3afaa6c9_mega	ae8f9ea9c07d3afaa6c9_mega	ae8f9ea9c07d3afaa6c9	mega
ae8f9ea9c07d3afaa6c9_mega	360e66ad345127f9b139_mega	360e66ad345127f9b139	mega
2df66e157786d2d80405_mega	2df66e157786d2d80405_mega	2df66e157786d2d80405	mega
98b52960774821ab1b82_mega	98b52960774821ab1b82_mega	98b52960774821ab1b82	mega
98b52960774821ab1b82_mega	906c66c042f732267560_mega	906c66c042f732267560	mega
98b52960774821ab1b82_mega	df7ea7952ed565c3d36a_mega	df7ea7952ed565c3d36a	mega
98b52960774821ab1b82_mega	ca0f91bf202b96435ae7_mega	ca0f91bf202b96435ae7	mega
2d20168fae5c860efb85_mega	2d20168fae5c860efb85_mega	2d20168fae5c860efb85	mega
2d20168fae5c860efb85_mega	83bcc0344fb0ca7535a0_mega	83bcc0344fb0ca7535a0	mega
2d20168fae5c860efb85_mega	554a96f5ca4d01574547_mega	554a96f5ca4d01574547	mega
2d20168fae5c860efb85_mega	17c63552b827037f555f_mega	17c63552b827037f555f	mega
85af5ebaaf79aff682e8_mega	85af5ebaaf79aff682e8_mega	85af5ebaaf79aff682e8	mega
85af5ebaaf79aff682e8_mega	eddc3b4634ac90d16a56_mega	eddc3b4634ac90d16a56	mega
fe8f019a3f93996291ea_mega	fe8f019a3f93996291ea_mega	fe8f019a3f93996291ea	mega
a70253b4771ad86abaee_mega	a70253b4771ad86abaee_mega	a70253b4771ad86abaee	mega
a70253b4771ad86abaee_mega	a6a0b60af2c0e90ea5f4_mega	a6a0b60af2c0e90ea5f4	mega
a70253b4771ad86abaee_mega	4825e4bcb21b2262038f_mega	4825e4bcb21b2262038f	mega
504155d66b219769922c_S2648	504155d66b219769922c_S2648	504155d66b219769922c	S2648
94e8ad427d005a1c9a53_S2648	94e8ad427d005a1c9a53_S2648	94e8ad427d005a1c9a53	S2648
94e8ad427d005a1c9a53_S2648	94e8ad427d005a1c9a53_tmdbs	94e8ad427d005a1c9a53	tmdbs
051d41862a01ab02aaf4_S2648	051d41862a01ab02aaf4_S2648	051d41862a01ab02aaf4	S2648
051d41862a01ab02aaf4_S2648	051d41862a01ab02aaf4_tmdbs	051d41862a01ab02aaf4	tmdbs
051d41862a01ab02aaf4_S2648	051d41862a01ab02aaf4_tmdbm	051d41862a01ab02aaf4	tmdbm
dee798aceb359b50a602_S2648	dee798aceb359b50a602_S2648	dee798aceb359b50a602	S2648
dee798aceb359b50a602_S2648	dee798aceb359b50a602_Ssym	dee798aceb359b50a602	Ssym
dee798aceb359b50a602_S2648	dee798aceb359b50a602_tmdbs	dee798aceb359b50a602	tmdbs
dee798aceb359b50a602_S2648	dee798aceb359b50a602_tmdbm	dee798aceb359b50a602	tmdbm
1d570c5448e6db668efe_S2648	1d570c5448e6db668efe_S2648	1d570c5448e6db668efe	S2648
1d570c5448e6db668efe_S2648	00410e535bef680c6256_ptmuld	00410e535bef680c6256	ptmuld
1d570c5448e6db668efe_S2648	00410e535bef680c6256_fireprot	00410e535bef680c6256	fireprot
1d570c5448e6db668efe_S2648	00410e535bef680c6256_tmdbs	00410e535bef680c6256	tmdbs
1d570c5448e6db668efe_S2648	00410e535bef680c6256_tmdbm	00410e535bef680c6256	tmdbm
c00a8f10507eb4401a0d_S2648	c00a8f10507eb4401a0d_S2648	c00a8f10507eb4401a0d	S2648
c00a8f10507eb4401a0d_S2648	c00a8f10507eb4401a0d_fireprot	c00a8f10507eb4401a0d	fireprot
c00a8f10507eb4401a0d_S2648	c00a8f10507eb4401a0d_tmdbs	c00a8f10507eb4401a0d	tmdbs
dc1a1063b3c317319e9a_S2648	dc1a1063b3c317319e9a_S2648	dc1a1063b3c317319e9a	S2648
dc1a1063b3c317319e9a_S2648	dc1a1063b3c317319e9a_tmdbs	dc1a1063b3c317319e9a	tmdbs
e6d0dce7db73b5a43cf6_S2648	e6d0dce7db73b5a43cf6_S2648	e6d0dce7db73b5a43cf6	S2648
e6d0dce7db73b5a43cf6_S2648	e6d0dce7db73b5a43cf6_tmdbs	e6d0dce7db73b5a43cf6	tmdbs
e6d0dce7db73b5a43cf6_S2648	e6d0dce7db73b5a43cf6_tmdbm	e6d0dce7db73b5a43cf6	tmdbm
e6d0dce7db73b5a43cf6_S2648	547f075047407d349af0_ptmuld	547f075047407d349af0	ptmuld
bb900542e024a76de50a_S2648	bb900542e024a76de50a_S2648	bb900542e024a76de50a	S2648
bb900542e024a76de50a_S2648	bb900542e024a76de50a_tmdbs	bb900542e024a76de50a	tmdbs
8896ca1ce7fa69a7d820_S2648	8896ca1ce7fa69a7d820_S2648	8896ca1ce7fa69a7d820	S2648
7424b99e76ad3a1fd8ca_S2648	7424b99e76ad3a1fd8ca_S2648	7424b99e76ad3a1fd8ca	S2648
7424b99e76ad3a1fd8ca_S2648	7424b99e76ad3a1fd8ca_Ssym	7424b99e76ad3a1fd8ca	Ssym
7424b99e76ad3a1fd8ca_S2648	d3e92e29c56dd433c4b1_ptmuld	d3e92e29c56dd433c4b1	ptmuld
7424b99e76ad3a1fd8ca_S2648	7424b99e76ad3a1fd8ca_tmdbs	7424b99e76ad3a1fd8ca	tmdbs
7424b99e76ad3a1fd8ca_S2648	7424b99e76ad3a1fd8ca_tmdbm	7424b99e76ad3a1fd8ca	tmdbm
f4ff707ea3249a0cc866_S2648	f4ff707ea3249a0cc866_S2648	f4ff707ea3249a0cc866	S2648
f4ff707ea3249a0cc866_S2648	f4ff707ea3249a0cc866_tmdbs	f4ff707ea3249a0cc866	tmdbs
677b289bf6098d64c5ab_S2648	677b289bf6098d64c5ab_S2648	677b289bf6098d64c5ab	S2648
677b289bf6098d64c5ab_S2648	376d12e85cb35b8d7172_ptmuld	376d12e85cb35b8d7172	ptmuld
677b289bf6098d64c5ab_S2648	376d12e85cb35b8d7172_tmdbs	376d12e85cb35b8d7172	tmdbs
677b289bf6098d64c5ab_S2648	376d12e85cb35b8d7172_tmdbm	376d12e85cb35b8d7172	tmdbm
c8c360781127e522474f_S2648	c8c360781127e522474f_S2648	c8c360781127e522474f	S2648
c8c360781127e522474f_S2648	7ce418999dad3122571b_ptmuld	7ce418999dad3122571b	ptmuld
c8c360781127e522474f_S2648	c8c360781127e522474f_tmdbs	c8c360781127e522474f	tmdbs
c8c360781127e522474f_S2648	c8c360781127e522474f_tmdbm	c8c360781127e522474f	tmdbm
308941ea51bfa45be924_S2648	308941ea51bfa45be924_S2648	308941ea51bfa45be924	S2648
e55219d97891bd9e3f66_S2648	e55219d97891bd9e3f66_S2648	e55219d97891bd9e3f66	S2648
27b01d00f9f22ab5a4ac_S2648	27b01d00f9f22ab5a4ac_S2648	27b01d00f9f22ab5a4ac	S2648
27b01d00f9f22ab5a4ac_S2648	34478d66fb1517e8e5e6_mega	34478d66fb1517e8e5e6	mega
27b01d00f9f22ab5a4ac_S2648	27b01d00f9f22ab5a4ac_tmdbs	27b01d00f9f22ab5a4ac	tmdbs
6c3caa9363e4b97b72d6_S669	6c3caa9363e4b97b72d6_S669	6c3caa9363e4b97b72d6	S669
aa7e74b08c00fc5410e8_S669	aa7e74b08c00fc5410e8_S669	aa7e74b08c00fc5410e8	S669
aa7e74b08c00fc5410e8_S669	aa7e74b08c00fc5410e8_tmdbs	aa7e74b08c00fc5410e8	tmdbs
6285696d2095cd3fccdb_S669	6285696d2095cd3fccdb_S669	6285696d2095cd3fccdb	S669
6285696d2095cd3fccdb_S669	6285696d2095cd3fccdb_tmdbs	6285696d2095cd3fccdb	tmdbs
edc9cf2faa8fe77f9a56_S669	edc9cf2faa8fe77f9a56_S669	edc9cf2faa8fe77f9a56	S669
edc9cf2faa8fe77f9a56_S669	edc9cf2faa8fe77f9a56_tmdbs	edc9cf2faa8fe77f9a56	tmdbs
edc9cf2faa8fe77f9a56_S669	1ce7d2abe60deceb9a38_tmdbs	1ce7d2abe60deceb9a38	tmdbs
b016c33328089e9062af_S669	b016c33328089e9062af_S669	b016c33328089e9062af	S669
b016c33328089e9062af_S669	8d9ab23934d219d393d8_mega	8d9ab23934d219d393d8	mega
b016c33328089e9062af_S669	3c75d2c9a24fe1c5d92b_mega	3c75d2c9a24fe1c5d92b	mega
b016c33328089e9062af_S669	99fcd5fe05cac7f7cbbd_mega	99fcd5fe05cac7f7cbbd	mega
b016c33328089e9062af_S669	bfae1d0dd96146f77976_mega	bfae1d0dd96146f77976	mega
b016c33328089e9062af_S669	0e64578ac4baf42c1e21_mega	0e64578ac4baf42c1e21	mega
b016c33328089e9062af_S669	0e1ab05df7f704e755c4_mega	0e1ab05df7f704e755c4	mega
b016c33328089e9062af_S669	436aa6f4d10c076cd289_S669	436aa6f4d10c076cd289	S669
b016c33328089e9062af_S669	b016c33328089e9062af_ptmuld	b016c33328089e9062af	ptmuld
b016c33328089e9062af_S669	b016c33328089e9062af_ptmulnr	b016c33328089e9062af	ptmulnr
b016c33328089e9062af_S669	436aa6f4d10c076cd289_tmdbs	436aa6f4d10c076cd289	tmdbs
b016c33328089e9062af_S669	b016c33328089e9062af_tmdbs	b016c33328089e9062af	tmdbs
b016c33328089e9062af_S669	b016c33328089e9062af_tmdbm	b016c33328089e9062af	tmdbm
b016c33328089e9062af_S669	57112aa93f5ebebbcc3f_mega	57112aa93f5ebebbcc3f	mega
cddc11f13211ff70a0a7_S669	cddc11f13211ff70a0a7_S669	cddc11f13211ff70a0a7	S669
cddc11f13211ff70a0a7_S669	cddc11f13211ff70a0a7_tmdbs	cddc11f13211ff70a0a7	tmdbs
ba1c2688861babbbbcd0_S669	ba1c2688861babbbbcd0_S669	ba1c2688861babbbbcd0	S669
ba1c2688861babbbbcd0_S669	f79d1cdea8e3d563094f_tmdbs	f79d1cdea8e3d563094f	tmdbs
74c1b56032a66ad5f3ae_S669	74c1b56032a66ad5f3ae_S669	74c1b56032a66ad5f3ae	S669
a28f0dea3b313ba22451_S669	a28f0dea3b313ba22451_S669	a28f0dea3b313ba22451	S669
b4e804b8ad0ccb35f359_S669	b4e804b8ad0ccb35f359_S669	b4e804b8ad0ccb35f359	S669
7543c3a6d589b3673f75_S669	7543c3a6d589b3673f75_S669	7543c3a6d589b3673f75	S669
7543c3a6d589b3673f75_S669	1585f237faca060e1ac3_tmdbs	1585f237faca060e1ac3	tmdbs
7543c3a6d589b3673f75_S669	434d5d94e65bea7eeb04_tmdbs	434d5d94e65bea7eeb04	tmdbs
e388e14e30ba50074a2f_S669	e388e14e30ba50074a2f_S669	e388e14e30ba50074a2f	S669
b4a7308cdaabe72044e2_S669	b4a7308cdaabe72044e2_S669	b4a7308cdaabe72044e2	S669
b4a7308cdaabe72044e2_S669	b4a7308cdaabe72044e2_tmdbs	b4a7308cdaabe72044e2	tmdbs
8601d77e44bdcb4fa3ed_S669	8601d77e44bdcb4fa3ed_S669	8601d77e44bdcb4fa3ed	S669
8601d77e44bdcb4fa3ed_S669	8601d77e44bdcb4fa3ed_tmdbs	8601d77e44bdcb4fa3ed	tmdbs
d15eb1bb45474d573add_S669	d15eb1bb45474d573add_S669	d15eb1bb45474d573add	S669
d15eb1bb45474d573add_S669	d15eb1bb45474d573add_tmdbs	d15eb1bb45474d573add	tmdbs
ebfa811bd64838b6b278_S669	ebfa811bd64838b6b278_S669	ebfa811bd64838b6b278	S669
edc178a55ccb2a562676_S669	edc178a55ccb2a562676_S669	edc178a55ccb2a562676	S669
edc178a55ccb2a562676_S669	edc178a55ccb2a562676_tmdbs	edc178a55ccb2a562676	tmdbs
c384caa90289572a8766_S669	c384caa90289572a8766_S669	c384caa90289572a8766	S669
071af48cd4dbaf3cb0b6_S669	071af48cd4dbaf3cb0b6_S669	071af48cd4dbaf3cb0b6	S669
071af48cd4dbaf3cb0b6_S669	071af48cd4dbaf3cb0b6_tmdbs	071af48cd4dbaf3cb0b6	tmdbs
fa9f8dbe29ebcbd0c838_S669	fa9f8dbe29ebcbd0c838_S669	fa9f8dbe29ebcbd0c838	S669
fa9f8dbe29ebcbd0c838_S669	fa9f8dbe29ebcbd0c838_tmdbs	fa9f8dbe29ebcbd0c838	tmdbs
19c6ef2310fbcda22ec5_S669	19c6ef2310fbcda22ec5_S669	19c6ef2310fbcda22ec5	S669
4912ad2923af89681036_S669	4912ad2923af89681036_S669	4912ad2923af89681036	S669
4912ad2923af89681036_S669	4912ad2923af89681036_tmdbs	4912ad2923af89681036	tmdbs
51821c37e69fb7cd556d_S669	51821c37e69fb7cd556d_S669	51821c37e69fb7cd556d	S669
51821c37e69fb7cd556d_S669	51821c37e69fb7cd556d_tmdbs	51821c37e69fb7cd556d	tmdbs
cd777d712866f1422028_S669	cd777d712866f1422028_S669	cd777d712866f1422028	S669
f8dfc6734ef223067f20_S669	f8dfc6734ef223067f20_S669	f8dfc6734ef223067f20	S669
58e87142b9b64c4c60b4_S669	58e87142b9b64c4c60b4_S669	58e87142b9b64c4c60b4	S669
58e87142b9b64c4c60b4_S669	58e87142b9b64c4c60b4_tmdbs	58e87142b9b64c4c60b4	tmdbs
d2366e18468abd98e0b5_S669	d2366e18468abd98e0b5_S669	d2366e18468abd98e0b5	S669
f7899106d8b43fbbaa13_S669	f7899106d8b43fbbaa13_S669	f7899106d8b43fbbaa13	S669
f7899106d8b43fbbaa13_S669	f7899106d8b43fbbaa13_tmdbs	f7899106d8b43fbbaa13	tmdbs
92b29b4b6006cb580677_S669	92b29b4b6006cb580677_S669	92b29b4b6006cb580677	S669
92b29b4b6006cb580677_S669	92b29b4b6006cb580677_tmdbs	92b29b4b6006cb580677	tmdbs
e1f30a27f68c92206961_S669	e1f30a27f68c92206961_S669	e1f30a27f68c92206961	S669
83460c2c03891f8022ea_S669	83460c2c03891f8022ea_S669	83460c2c03891f8022ea	S669
83460c2c03891f8022ea_S669	83460c2c03891f8022ea_tmdbs	83460c2c03891f8022ea	tmdbs
2aac82f4fc11e0ddcd98_S669	2aac82f4fc11e0ddcd98_S669	2aac82f4fc11e0ddcd98	S669
2aac82f4fc11e0ddcd98_S669	2aac82f4fc11e0ddcd98_tmdbs	2aac82f4fc11e0ddcd98	tmdbs
2aac82f4fc11e0ddcd98_S669	bb088699adc6d62e000a_tmdbs	bb088699adc6d62e000a	tmdbs
436f6b578b20f43c8a79_S669	436f6b578b20f43c8a79_S669	436f6b578b20f43c8a79	S669
436f6b578b20f43c8a79_S669	436f6b578b20f43c8a79_tmdbs	436f6b578b20f43c8a79	tmdbs
46f7be924cfc06b4330e_S669	46f7be924cfc06b4330e_S669	46f7be924cfc06b4330e	S669
46f7be924cfc06b4330e_S669	0b95884208ce5ea2ef98_S669	0b95884208ce5ea2ef98	S669
7ef6bf3cf59e596f3657_S669	7ef6bf3cf59e596f3657_S669	7ef6bf3cf59e596f3657	S669
7ef6bf3cf59e596f3657_S669	7ef6bf3cf59e596f3657_tmdbs	7ef6bf3cf59e596f3657	tmdbs
38e98d16a67bb2f8c8d6_mega	38e98d16a67bb2f8c8d6_mega	38e98d16a67bb2f8c8d6	mega
4c0167a1cceb7ecd4524_mega	4c0167a1cceb7ecd4524_mega	4c0167a1cceb7ecd4524	mega
4c0167a1cceb7ecd4524_mega	5a0c4ec9f7e1b85c39af_mega	5a0c4ec9f7e1b85c39af	mega
aab812242c480ffcbcbf_mega	aab812242c480ffcbcbf_mega	aab812242c480ffcbcbf	mega
aab812242c480ffcbcbf_mega	979b46bb8b0e2e62c9af_mega	979b46bb8b0e2e62c9af	mega
aab812242c480ffcbcbf_mega	83ff4919263994e47b53_mega	83ff4919263994e47b53	mega
aab812242c480ffcbcbf_mega	4c74b4ef71e55510d014_mega	4c74b4ef71e55510d014	mega
f03fd70c4a7b5733517b_mega	f03fd70c4a7b5733517b_mega	f03fd70c4a7b5733517b	mega
f03fd70c4a7b5733517b_mega	474b2d4707847d77055b_mega	474b2d4707847d77055b	mega
daa9069231b98975a602_mega	daa9069231b98975a602_mega	daa9069231b98975a602	mega
daa9069231b98975a602_mega	214dbcba9da941e54880_mega	214dbcba9da941e54880	mega
daa9069231b98975a602_mega	6f2a75697c226d5ccc94_mega	6f2a75697c226d5ccc94	mega
e0417ee48f784bdeebac_mega	e0417ee48f784bdeebac_mega	e0417ee48f784bdeebac	mega
99070c6bf6aa1312e91f_mega	99070c6bf6aa1312e91f_mega	99070c6bf6aa1312e91f	mega
46d39cac1e87a5ab74e1_mega	46d39cac1e87a5ab74e1_mega	46d39cac1e87a5ab74e1	mega
5ac5d08cf6e0eab739f0_mega	5ac5d08cf6e0eab739f0_mega	5ac5d08cf6e0eab739f0	mega
fa991e68f6cae321bc63_mega	fa991e68f6cae321bc63_mega	fa991e68f6cae321bc63	mega
fa991e68f6cae321bc63_mega	ce415fd62e9b94c8b417_mega	ce415fd62e9b94c8b417	mega
0ed5345fd5c612447fac_mega	0ed5345fd5c612447fac_mega	0ed5345fd5c612447fac	mega
e396ee67d798773c51d8_mega	e396ee67d798773c51d8_mega	e396ee67d798773c51d8	mega
4080319eab8c6f7fceef_mega	4080319eab8c6f7fceef_mega	4080319eab8c6f7fceef	mega
de4937817c417a2c6dcb_mega	de4937817c417a2c6dcb_mega	de4937817c417a2c6dcb	mega
dc1ad55e6bd49c17dac5_mega	dc1ad55e6bd49c17dac5_mega	dc1ad55e6bd49c17dac5	mega
9ef18d515b391328c2aa_mega	9ef18d515b391328c2aa_mega	9ef18d515b391328c2aa	mega
9ef18d515b391328c2aa_mega	62d3b93ec3cf26d6c876_mega	62d3b93ec3cf26d6c876	mega
11c50d3778ee31393c5b_mega	11c50d3778ee31393c5b_mega	11c50d3778ee31393c5b	mega
d040843d6826236a4542_mega	d040843d6826236a4542_mega	d040843d6826236a4542	mega
d040843d6826236a4542_mega	48a91f35465037111af7_mega	48a91f35465037111af7	mega
2a9d1393bb10ad0ef7e3_mega	2a9d1393bb10ad0ef7e3_mega	2a9d1393bb10ad0ef7e3	mega
9a2af3307c3c6372c06b_mega	9a2af3307c3c6372c06b_mega	9a2af3307c3c6372c06b	mega
9048e8676ea51a682b97_mega	9048e8676ea51a682b97_mega	9048e8676ea51a682b97	mega
9048e8676ea51a682b97_mega	45036c40b7833cfa21ee_mega	45036c40b7833cfa21ee	mega
9048e8676ea51a682b97_mega	1b9542b38b62ad8b01ae_mega	1b9542b38b62ad8b01ae	mega
9048e8676ea51a682b97_mega	1ba90a0027f7a7feb70d_mega	1ba90a0027f7a7feb70d	mega
9048e8676ea51a682b97_mega	0188c07f34f6a8e34723_mega	0188c07f34f6a8e34723	mega
9048e8676ea51a682b97_mega	ae7677807a43e99fd54e_mega	ae7677807a43e99fd54e	mega
9048e8676ea51a682b97_mega	9d9934379e37639293d8_mega	9d9934379e37639293d8	mega
9048e8676ea51a682b97_mega	f90deab637f8e7098159_mega	f90deab637f8e7098159	mega
9048e8676ea51a682b97_mega	11b013abd9e8f8678bdc_mega	11b013abd9e8f8678bdc	mega
e06ebb1d2f058a3c7753_mega	e06ebb1d2f058a3c7753_mega	e06ebb1d2f058a3c7753	mega
6c925884ba7c32089c14_mega	6c925884ba7c32089c14_mega	6c925884ba7c32089c14	mega
0ac5f7f904d02823e374_mega	0ac5f7f904d02823e374_mega	0ac5f7f904d02823e374	mega
8a21759d6e7f340c9243_mega	8a21759d6e7f340c9243_mega	8a21759d6e7f340c9243	mega
b0f9c5571442611cc17f_mega	b0f9c5571442611cc17f_mega	b0f9c5571442611cc17f	mega
fefe3a4bb965e112d87c_mega	fefe3a4bb965e112d87c_mega	fefe3a4bb965e112d87c	mega
62c9462f2a6f6bfba52d_mega	62c9462f2a6f6bfba52d_mega	62c9462f2a6f6bfba52d	mega
246c9ceebc1cf2c41213_mega	246c9ceebc1cf2c41213_mega	246c9ceebc1cf2c41213	mega
246c9ceebc1cf2c41213_mega	4534d99c94babef50603_mega	4534d99c94babef50603	mega
323d8d1e47c05bc15bf2_mega	323d8d1e47c05bc15bf2_mega	323d8d1e47c05bc15bf2	mega
6094530d59af2aa19fb8_mega	6094530d59af2aa19fb8_mega	6094530d59af2aa19fb8	mega
3549fe4075ac64b0729e_mega	3549fe4075ac64b0729e_mega	3549fe4075ac64b0729e	mega
3549fe4075ac64b0729e_mega	4a5a13c444df50056e52_mega	4a5a13c444df50056e52	mega
3549fe4075ac64b0729e_mega	69f8f7667ca9d9651380_mega	69f8f7667ca9d9651380	mega
3549fe4075ac64b0729e_mega	de62e9c14ae825b78bd0_mega	de62e9c14ae825b78bd0	mega
3549fe4075ac64b0729e_mega	efbcac30865504e88d9a_mega	efbcac30865504e88d9a	mega
3549fe4075ac64b0729e_mega	917d702732bd3b13608f_mega	917d702732bd3b13608f	mega
3549fe4075ac64b0729e_mega	b8f16633dcfd874410e2_mega	b8f16633dcfd874410e2	mega
3549fe4075ac64b0729e_mega	0698da66e53397bcbab8_mega	0698da66e53397bcbab8	mega
3549fe4075ac64b0729e_mega	af7550b50c5a540eb201_mega	af7550b50c5a540eb201	mega
3549fe4075ac64b0729e_mega	d8679dd62953a75cb76c_mega	d8679dd62953a75cb76c	mega
3549fe4075ac64b0729e_mega	15072e77bab5109033d2_mega	15072e77bab5109033d2	mega
3549fe4075ac64b0729e_mega	3de0c8979e8f247b5ad8_mega	3de0c8979e8f247b5ad8	mega
3549fe4075ac64b0729e_mega	20d60ef9339e97811806_mega	20d60ef9339e97811806	mega
3549fe4075ac64b0729e_mega	8aa6a2732d180809b478_mega	8aa6a2732d180809b478	mega
3549fe4075ac64b0729e_mega	776956c1e006a4cf1ea2_mega	776956c1e006a4cf1ea2	mega
3549fe4075ac64b0729e_mega	08776013e3bbde04517e_mega	08776013e3bbde04517e	mega
3549fe4075ac64b0729e_mega	c316f9f0483d90d0e1c5_mega	c316f9f0483d90d0e1c5	mega
3549fe4075ac64b0729e_mega	6da07ce1293971784d8d_mega	6da07ce1293971784d8d	mega
3549fe4075ac64b0729e_mega	293f92268116ad2fbc62_mega	293f92268116ad2fbc62	mega
3549fe4075ac64b0729e_mega	c8abe85e0cb501d15ae9_mega	c8abe85e0cb501d15ae9	mega
3549fe4075ac64b0729e_mega	62d9500db5d6aad2503a_mega	62d9500db5d6aad2503a	mega
3549fe4075ac64b0729e_mega	73658cdb6869a9be5540_mega	73658cdb6869a9be5540	mega
817d66cde3f53218ddbd_mega	817d66cde3f53218ddbd_mega	817d66cde3f53218ddbd	mega
817d66cde3f53218ddbd_mega	be006e946a9e76dff7f3_mega	be006e946a9e76dff7f3	mega
a1fcb1773be93dda99d9_mega	a1fcb1773be93dda99d9_mega	a1fcb1773be93dda99d9	mega
a1fcb1773be93dda99d9_mega	1d5aff5d5d8e83b63584_mega	1d5aff5d5d8e83b63584	mega
a1fcb1773be93dda99d9_mega	d8e7bfe3afda758bc55d_mega	d8e7bfe3afda758bc55d	mega
a5a11b151b1a3cdcd3ac_mega	a5a11b151b1a3cdcd3ac_mega	a5a11b151b1a3cdcd3ac	mega
a5a11b151b1a3cdcd3ac_mega	bbc33395ac25141c750a_mega	bbc33395ac25141c750a	mega
1af40b92b6c5d94e73b6_mega	1af40b92b6c5d94e73b6_mega	1af40b92b6c5d94e73b6	mega
1af40b92b6c5d94e73b6_mega	71d06771454f42e61ac6_mega	71d06771454f42e61ac6	mega
ab8ca75a4706bee0e1be_mega	ab8ca75a4706bee0e1be_mega	ab8ca75a4706bee0e1be	mega
ab8ca75a4706bee0e1be_mega	0683b523b07cc7f5d25a_mega	0683b523b07cc7f5d25a	mega
ab8ca75a4706bee0e1be_mega	cfbf4e2b7857997f40fc_mega	cfbf4e2b7857997f40fc	mega
ab8ca75a4706bee0e1be_mega	980e58102db571d945be_mega	980e58102db571d945be	mega
ab8ca75a4706bee0e1be_mega	44bf84300214437370f2_mega	44bf84300214437370f2	mega
ab8ca75a4706bee0e1be_mega	03bcf07e405602e56cec_mega	03bcf07e405602e56cec	mega
ab8ca75a4706bee0e1be_mega	b55111fd2532edab2f32_mega	b55111fd2532edab2f32	mega
ab8ca75a4706bee0e1be_mega	c6dc2bed80feacc4db44_mega	c6dc2bed80feacc4db44	mega
ab8ca75a4706bee0e1be_mega	8d3bad3adeec8e68552c_mega	8d3bad3adeec8e68552c	mega
ab8ca75a4706bee0e1be_mega	d99a02b92b339d00a1f3_mega	d99a02b92b339d00a1f3	mega
ab8ca75a4706bee0e1be_mega	891a910f35a826b0b926_mega	891a910f35a826b0b926	mega
ab8ca75a4706bee0e1be_mega	1135bea5c276d69d7a24_mega	1135bea5c276d69d7a24	mega
ab8ca75a4706bee0e1be_mega	f3c899213c7cd909b3d0_mega	f3c899213c7cd909b3d0	mega
ab8ca75a4706bee0e1be_mega	17b7b4dc592c3a34b8dc_mega	17b7b4dc592c3a34b8dc	mega
ab8ca75a4706bee0e1be_mega	1eae55ac7c2ce0096550_mega	1eae55ac7c2ce0096550	mega
ab8ca75a4706bee0e1be_mega	a1cf1e9a9ccccdad210b_mega	a1cf1e9a9ccccdad210b	mega
ab8ca75a4706bee0e1be_mega	c2e75d304930345757cc_mega	c2e75d304930345757cc	mega
ab8ca75a4706bee0e1be_mega	72995db313889f3185a9_mega	72995db313889f3185a9	mega
ab8ca75a4706bee0e1be_mega	cf0c471da2ea384ad725_mega	cf0c471da2ea384ad725	mega
ab8ca75a4706bee0e1be_mega	37385d53c7287c92cb64_mega	37385d53c7287c92cb64	mega
ab8ca75a4706bee0e1be_mega	004c6498b9c7cb030949_mega	004c6498b9c7cb030949	mega
ab8ca75a4706bee0e1be_mega	36aa1cba523e416afaf7_mega	36aa1cba523e416afaf7	mega
84bb4dfd31c4c48478aa_mega	84bb4dfd31c4c48478aa_mega	84bb4dfd31c4c48478aa	mega
84bb4dfd31c4c48478aa_mega	baa786625613db6499a9_mega	baa786625613db6499a9	mega
84bb4dfd31c4c48478aa_mega	0264fc990d03b2979fe6_mega	0264fc990d03b2979fe6	mega
cafcf5caafbc6b0cf05e_tmdbs	cafcf5caafbc6b0cf05e_tmdbs	cafcf5caafbc6b0cf05e	tmdbs
cafcf5caafbc6b0cf05e_tmdbs	ab310c3efb0ba443cd6a_S669	ab310c3efb0ba443cd6a	S669
d1ebbf218076ee07d738_tmdbs	d1ebbf218076ee07d738_tmdbs	d1ebbf218076ee07d738	tmdbs
d1ebbf218076ee07d738_tmdbs	ec81e128c852ff42a15b_S2648	ec81e128c852ff42a15b	S2648
d1ebbf218076ee07d738_tmdbs	7d35ee87db7aed36098f_ptmuld	7d35ee87db7aed36098f	ptmuld
d1ebbf218076ee07d738_tmdbs	af3a22bb3ddd381e6d0f_fireprot	af3a22bb3ddd381e6d0f	fireprot
d1ebbf218076ee07d738_tmdbs	7d35ee87db7aed36098f_tmdbs	7d35ee87db7aed36098f	tmdbs
d1ebbf218076ee07d738_tmdbs	7d35ee87db7aed36098f_tmdbm	7d35ee87db7aed36098f	tmdbm
b8b09e78520e19a95856_tmdbs	b8b09e78520e19a95856_tmdbs	b8b09e78520e19a95856	tmdbs
b8b09e78520e19a95856_tmdbs	9e29fa45f8d7d82bffd9_mega	9e29fa45f8d7d82bffd9	mega
b8b09e78520e19a95856_tmdbs	7be3fd2f899843670ec0_mega	7be3fd2f899843670ec0	mega
b8b09e78520e19a95856_tmdbs	390fa440dcae9c483f39_S669	390fa440dcae9c483f39	S669
3beeb209c9199e03e7c4_tmdbs	3beeb209c9199e03e7c4_tmdbs	3beeb209c9199e03e7c4	tmdbs
ed8909e8743776dc3ca1_tmdbs	ed8909e8743776dc3ca1_tmdbs	ed8909e8743776dc3ca1	tmdbs
686f2db9829b17e3c42a_tmdbs	686f2db9829b17e3c42a_tmdbs	686f2db9829b17e3c42a	tmdbs
686f2db9829b17e3c42a_tmdbs	9730a62ba4ef411869c1_mega	9730a62ba4ef411869c1	mega
686f2db9829b17e3c42a_tmdbs	3c4defcd3d8337b1feb8_mega	3c4defcd3d8337b1feb8	mega
686f2db9829b17e3c42a_tmdbs	4fb00b8aba51510fa726_mega	4fb00b8aba51510fa726	mega
686f2db9829b17e3c42a_tmdbs	862b4becf0df04e599b9_mega	862b4becf0df04e599b9	mega
686f2db9829b17e3c42a_tmdbs	846ab786fcf8b5048419_mega	846ab786fcf8b5048419	mega
686f2db9829b17e3c42a_tmdbs	adffdc1db359e07f055f_mega	adffdc1db359e07f055f	mega
686f2db9829b17e3c42a_tmdbs	9e4837a7fc472d07ad17_mega	9e4837a7fc472d07ad17	mega
686f2db9829b17e3c42a_tmdbs	d33205ff3bf6ac2d45aa_mega	d33205ff3bf6ac2d45aa	mega
686f2db9829b17e3c42a_tmdbs	3c4ed4dae93dda7ad400_mega	3c4ed4dae93dda7ad400	mega
686f2db9829b17e3c42a_tmdbs	6e1b454bdf65e7c2da15_mega	6e1b454bdf65e7c2da15	mega
686f2db9829b17e3c42a_tmdbs	9b0cb7861c20b6fd9710_S2648	9b0cb7861c20b6fd9710	S2648
686f2db9829b17e3c42a_tmdbs	c7942504a7769053d7fa_S2648	c7942504a7769053d7fa	S2648
686f2db9829b17e3c42a_tmdbs	9b0cb7861c20b6fd9710_ptmuld	9b0cb7861c20b6fd9710	ptmuld
686f2db9829b17e3c42a_tmdbs	c7942504a7769053d7fa_tmdbs	c7942504a7769053d7fa	tmdbs
686f2db9829b17e3c42a_tmdbs	f863f17dda0d7ec7ebe9_tmdbs	f863f17dda0d7ec7ebe9	tmdbs
686f2db9829b17e3c42a_tmdbs	9b0cb7861c20b6fd9710_tmdbm	9b0cb7861c20b6fd9710	tmdbm
a9a154c332094b7465da_tmdbs	a9a154c332094b7465da_tmdbs	a9a154c332094b7465da	tmdbs
fb86675fbe3e7e8b71a8_tmdbs	fb86675fbe3e7e8b71a8_tmdbs	fb86675fbe3e7e8b71a8	tmdbs
fb86675fbe3e7e8b71a8_tmdbs	4b6eda0fc0b90e9571cd_ptmuld	4b6eda0fc0b90e9571cd	ptmuld
fb86675fbe3e7e8b71a8_tmdbs	370222c7dd6a86f092c4_ptmulnr	370222c7dd6a86f092c4	ptmulnr
fb86675fbe3e7e8b71a8_tmdbs	370222c7dd6a86f092c4_fireprot	370222c7dd6a86f092c4	fireprot
fb86675fbe3e7e8b71a8_tmdbs	fb86675fbe3e7e8b71a8_tmdbm	fb86675fbe3e7e8b71a8	tmdbm
8204dddcf7046a16c3c6_tmdbs	8204dddcf7046a16c3c6_tmdbs	8204dddcf7046a16c3c6	tmdbs
8204dddcf7046a16c3c6_tmdbs	e6c5d17a1f402d879e06_S2648	e6c5d17a1f402d879e06	S2648
8204dddcf7046a16c3c6_tmdbs	e6c5d17a1f402d879e06_tmdbs	e6c5d17a1f402d879e06	tmdbs
7a1448871a5fd54017be_tmdbs	7a1448871a5fd54017be_tmdbs	7a1448871a5fd54017be	tmdbs
7a1448871a5fd54017be_tmdbs	6ce4a8784632cd92b6e2_S669	6ce4a8784632cd92b6e2	S669
4ec93df030caa6f8329a_tmdbs	4ec93df030caa6f8329a_tmdbs	4ec93df030caa6f8329a	tmdbs
d67d0d45101c9666bb26_tmdbs	d67d0d45101c9666bb26_tmdbs	d67d0d45101c9666bb26	tmdbs
d67d0d45101c9666bb26_tmdbs	3f766b78cb382b64e9ea_ptmuld	3f766b78cb382b64e9ea	ptmuld
d67d0d45101c9666bb26_tmdbs	d67d0d45101c9666bb26_tmdbm	d67d0d45101c9666bb26	tmdbm
d67d0d45101c9666bb26_tmdbs	f28c88c42f3ebfbdc123_S2648	f28c88c42f3ebfbdc123	S2648
0961b3c1d9053b729f39_tmdbs	0961b3c1d9053b729f39_tmdbs	0961b3c1d9053b729f39	tmdbs
485b43f7b0654a4ea9f6_tmdbs	485b43f7b0654a4ea9f6_tmdbs	485b43f7b0654a4ea9f6	tmdbs
ff137a27167ec6a7dbfa_tmdbs	ff137a27167ec6a7dbfa_tmdbs	ff137a27167ec6a7dbfa	tmdbs
507815881351390f0e01_tmdbs	507815881351390f0e01_tmdbs	507815881351390f0e01	tmdbs
507815881351390f0e01_tmdbs	dd2e84e055a691fe2a0e_S2648	dd2e84e055a691fe2a0e	S2648
507815881351390f0e01_tmdbs	507815881351390f0e01_tmdbm	507815881351390f0e01	tmdbm
010a81522ca8fe9cdcf0_tmdbs	010a81522ca8fe9cdcf0_tmdbs	010a81522ca8fe9cdcf0	tmdbs
010a81522ca8fe9cdcf0_tmdbs	05c9466a7a8001cdf88a_S669	05c9466a7a8001cdf88a	S669
44de196bcb515f826800_tmdbs	44de196bcb515f826800_tmdbs	44de196bcb515f826800	tmdbs
44de196bcb515f826800_tmdbs	af94542444fff431bdaf_S669	af94542444fff431bdaf	S669
06e9251de4e131526ba3_tmdbs	06e9251de4e131526ba3_tmdbs	06e9251de4e131526ba3	tmdbs
06e9251de4e131526ba3_tmdbs	6efca615ec4e0ba22fbf_S2648	6efca615ec4e0ba22fbf	S2648
06e9251de4e131526ba3_tmdbs	d9de44e000ee3874013f_S2648	d9de44e000ee3874013f	S2648
06e9251de4e131526ba3_tmdbs	edb77e8208072baa90ec_ptmuld	edb77e8208072baa90ec	ptmuld
06e9251de4e131526ba3_tmdbs	6efca615ec4e0ba22fbf_tmdbs	6efca615ec4e0ba22fbf	tmdbs
06e9251de4e131526ba3_tmdbs	d9de44e000ee3874013f_tmdbs	d9de44e000ee3874013f	tmdbs
06e9251de4e131526ba3_tmdbs	6efca615ec4e0ba22fbf_tmdbm	6efca615ec4e0ba22fbf	tmdbm
635711c5f0ac731eb6eb_tmdbs	635711c5f0ac731eb6eb_tmdbs	635711c5f0ac731eb6eb	tmdbs
635711c5f0ac731eb6eb_tmdbs	fc13de7781332ca3e965_S669	fc13de7781332ca3e965	S669
635711c5f0ac731eb6eb_tmdbs	75e516b1db48c2afb7e7_S669	75e516b1db48c2afb7e7	S669
f1de46c8f022931c2132_tmdbs	f1de46c8f022931c2132_tmdbs	f1de46c8f022931c2132	tmdbs
2352181e04345323439f_tmdbs	2352181e04345323439f_tmdbs	2352181e04345323439f	tmdbs
2352181e04345323439f_tmdbs	2352181e04345323439f_tmdbm	2352181e04345323439f	tmdbm
88d28194e61c792b4c2b_tmdbs	88d28194e61c792b4c2b_tmdbs	88d28194e61c792b4c2b	tmdbs
758eae6dca32e2fa7f45_tmdbs	758eae6dca32e2fa7f45_tmdbs	758eae6dca32e2fa7f45	tmdbs
8c2fdb4f517ebf437cc2_tmdbs	8c2fdb4f517ebf437cc2_tmdbs	8c2fdb4f517ebf437cc2	tmdbs
8c2fdb4f517ebf437cc2_tmdbs	d3ee4d441173ecd899e6_mega	d3ee4d441173ecd899e6	mega
d489b9bdf6294014a942_tmdbs	d489b9bdf6294014a942_tmdbs	d489b9bdf6294014a942	tmdbs
d489b9bdf6294014a942_tmdbs	24768723baf7521ce10a_ptmuld	24768723baf7521ce10a	ptmuld
d489b9bdf6294014a942_tmdbs	f1c72e2aefd8e7ccb4ef_tmdbs	f1c72e2aefd8e7ccb4ef	tmdbs
d489b9bdf6294014a942_tmdbs	f1c72e2aefd8e7ccb4ef_tmdbm	f1c72e2aefd8e7ccb4ef	tmdbm
779955cdd8da83f1c4f0_tmdbs	779955cdd8da83f1c4f0_tmdbs	779955cdd8da83f1c4f0	tmdbs
37fb64035bb11d989ad6_mega	37fb64035bb11d989ad6_mega	37fb64035bb11d989ad6	mega
e92186549e13475f43e4_mega	e92186549e13475f43e4_mega	e92186549e13475f43e4	mega
e92186549e13475f43e4_mega	9ae532ac648079aa8be6_mega	9ae532ac648079aa8be6	mega
07c75e0463f2b3d5e9c9_mega	07c75e0463f2b3d5e9c9_mega	07c75e0463f2b3d5e9c9	mega
a9c92da9ac9582b23bb1_mega	a9c92da9ac9582b23bb1_mega	a9c92da9ac9582b23bb1	mega
cd9aa37c265099dce94c_mega	cd9aa37c265099dce94c_mega	cd9aa37c265099dce94c	mega
2ab845ba36c27430c34c_mega	2ab845ba36c27430c34c_mega	2ab845ba36c27430c34c	mega
443c0018e660a8db92d5_mega	443c0018e660a8db92d5_mega	443c0018e660a8db92d5	mega
217ba9fd129da3a76e8e_S2648	217ba9fd129da3a76e8e_S2648	217ba9fd129da3a76e8e	S2648
dd42c103dff5c5836533_S2648	dd42c103dff5c5836533_S2648	dd42c103dff5c5836533	S2648
dd42c103dff5c5836533_S2648	bae7c0d88bbdb4df625d_ptmuld	bae7c0d88bbdb4df625d	ptmuld
dd42c103dff5c5836533_S2648	38c65a66fc50fd29b35d_tmdbs	38c65a66fc50fd29b35d	tmdbs
dd42c103dff5c5836533_S2648	77423eed194cbeb4cf17_S2648	77423eed194cbeb4cf17	S2648
dd42c103dff5c5836533_S2648	24492d29dbe9efef31ef_ptmuld	24492d29dbe9efef31ef	ptmuld
dd42c103dff5c5836533_S2648	77423eed194cbeb4cf17_tmdbs	77423eed194cbeb4cf17	tmdbs
dd42c103dff5c5836533_S2648	77423eed194cbeb4cf17_tmdbm	77423eed194cbeb4cf17	tmdbm
8f418b58fba6e8ed0220_S2648	8f418b58fba6e8ed0220_S2648	8f418b58fba6e8ed0220	S2648
8f418b58fba6e8ed0220_S2648	8f418b58fba6e8ed0220_ptmuld	8f418b58fba6e8ed0220	ptmuld
8f418b58fba6e8ed0220_S2648	8f418b58fba6e8ed0220_tmdbs	8f418b58fba6e8ed0220	tmdbs
8f418b58fba6e8ed0220_S2648	8f418b58fba6e8ed0220_tmdbm	8f418b58fba6e8ed0220	tmdbm
71cf3fa03efca77b7028_S2648	71cf3fa03efca77b7028_S2648	71cf3fa03efca77b7028	S2648
71cf3fa03efca77b7028_S2648	5cf1cd623a1847fc4c0d_fireprot	5cf1cd623a1847fc4c0d	fireprot
71cf3fa03efca77b7028_S2648	71cf3fa03efca77b7028_tmdbs	71cf3fa03efca77b7028	tmdbs
291b2cdfb13cad439f49_S2648	291b2cdfb13cad439f49_S2648	291b2cdfb13cad439f49	S2648
291b2cdfb13cad439f49_S2648	96804b83ef2efe3b9ba6_ptmuld	96804b83ef2efe3b9ba6	ptmuld
291b2cdfb13cad439f49_S2648	291b2cdfb13cad439f49_fireprot	291b2cdfb13cad439f49	fireprot
291b2cdfb13cad439f49_S2648	96804b83ef2efe3b9ba6_tmdbs	96804b83ef2efe3b9ba6	tmdbs
291b2cdfb13cad439f49_S2648	96804b83ef2efe3b9ba6_tmdbm	96804b83ef2efe3b9ba6	tmdbm
3b66e2de12ea462b8bc9_S2648	3b66e2de12ea462b8bc9_S2648	3b66e2de12ea462b8bc9	S2648
3b66e2de12ea462b8bc9_S2648	3b66e2de12ea462b8bc9_Ssym	3b66e2de12ea462b8bc9	Ssym
3b66e2de12ea462b8bc9_S2648	3b66e2de12ea462b8bc9_tmdbs	3b66e2de12ea462b8bc9	tmdbs
3b66e2de12ea462b8bc9_S2648	661b9e99d5e0f771ba87_S2648	661b9e99d5e0f771ba87	S2648
3b66e2de12ea462b8bc9_S2648	661b9e99d5e0f771ba87_fireprot	661b9e99d5e0f771ba87	fireprot
3b66e2de12ea462b8bc9_S2648	661b9e99d5e0f771ba87_tmdbs	661b9e99d5e0f771ba87	tmdbs
3b66e2de12ea462b8bc9_S2648	661b9e99d5e0f771ba87_tmdbm	661b9e99d5e0f771ba87	tmdbm
8423282704718b0cf5d3_S2648	8423282704718b0cf5d3_S2648	8423282704718b0cf5d3	S2648
8423282704718b0cf5d3_S2648	8423282704718b0cf5d3_fireprot	8423282704718b0cf5d3	fireprot
ec0b017b853f5c966b52_S2648	ec0b017b853f5c966b52_S2648	ec0b017b853f5c966b52	S2648
ec0b017b853f5c966b52_S2648	2a90e037d225426387c2_fireprot	2a90e037d225426387c2	fireprot
ec0b017b853f5c966b52_S2648	03000433a3cef591d436_ptmuld	03000433a3cef591d436	ptmuld
ef6f37d53ba513ffa8cd_S2648	ef6f37d53ba513ffa8cd_S2648	ef6f37d53ba513ffa8cd	S2648
ef6f37d53ba513ffa8cd_S2648	ef6f37d53ba513ffa8cd_ptmuld	ef6f37d53ba513ffa8cd	ptmuld
ef6f37d53ba513ffa8cd_S2648	95f83df77b4b542f46f7_mega	95f83df77b4b542f46f7	mega
ef6f37d53ba513ffa8cd_S2648	8462b6ca74ed95416a03_mega	8462b6ca74ed95416a03	mega
1c94513529615547f5c9_S2648	1c94513529615547f5c9_S2648	1c94513529615547f5c9	S2648
1c94513529615547f5c9_S2648	1c94513529615547f5c9_tmdbs	1c94513529615547f5c9	tmdbs
1afaac4628eeb1863719_S2648	1afaac4628eeb1863719_S2648	1afaac4628eeb1863719	S2648
1afaac4628eeb1863719_S2648	67829952ab2e5e3a5c03_ptmuld	67829952ab2e5e3a5c03	ptmuld
1afaac4628eeb1863719_S2648	67829952ab2e5e3a5c03_tmdbs	67829952ab2e5e3a5c03	tmdbs
1afaac4628eeb1863719_S2648	1afaac4628eeb1863719_tmdbs	1afaac4628eeb1863719	tmdbs
1afaac4628eeb1863719_S2648	67829952ab2e5e3a5c03_tmdbm	67829952ab2e5e3a5c03	tmdbm
dd7785daeb5df25d1537_S2648	dd7785daeb5df25d1537_S2648	dd7785daeb5df25d1537	S2648
dd7785daeb5df25d1537_S2648	8c8354187a3eed6a8843_S2648	8c8354187a3eed6a8843	S2648
dd7785daeb5df25d1537_S2648	67b1aa9105da97a507d8_ptmuld	67b1aa9105da97a507d8	ptmuld
dd7785daeb5df25d1537_S2648	8c8354187a3eed6a8843_fireprot	8c8354187a3eed6a8843	fireprot
dd7785daeb5df25d1537_S2648	dd7785daeb5df25d1537_tmdbs	dd7785daeb5df25d1537	tmdbs
dd7785daeb5df25d1537_S2648	8c8354187a3eed6a8843_tmdbs	8c8354187a3eed6a8843	tmdbs
dd7785daeb5df25d1537_S2648	dd7785daeb5df25d1537_tmdbm	dd7785daeb5df25d1537	tmdbm
dd7785daeb5df25d1537_S2648	8c8354187a3eed6a8843_tmdbm	8c8354187a3eed6a8843	tmdbm
dd7785daeb5df25d1537_S2648	3fdfcdf348eaa2d21814_ptmuld	3fdfcdf348eaa2d21814	ptmuld
32083857d47d9626787d_S2648	32083857d47d9626787d_S2648	32083857d47d9626787d	S2648
386f830e6f06b72c260c_S2648	386f830e6f06b72c260c_S2648	386f830e6f06b72c260c	S2648
386f830e6f06b72c260c_S2648	386f830e6f06b72c260c_tmdbs	386f830e6f06b72c260c	tmdbs
386f830e6f06b72c260c_S2648	386f830e6f06b72c260c_tmdbm	386f830e6f06b72c260c	tmdbm
92e96129b8fd9a391e0d_S2648	92e96129b8fd9a391e0d_S2648	92e96129b8fd9a391e0d	S2648
92e96129b8fd9a391e0d_S2648	923ffa3d721caf413124_Ssym	923ffa3d721caf413124	Ssym
92e96129b8fd9a391e0d_S2648	92e96129b8fd9a391e0d_Ssym	92e96129b8fd9a391e0d	Ssym
92e96129b8fd9a391e0d_S2648	b9a20a9154b685b01d63_ptmuld	b9a20a9154b685b01d63	ptmuld
92e96129b8fd9a391e0d_S2648	92e96129b8fd9a391e0d_ptmuld	92e96129b8fd9a391e0d	ptmuld
92e96129b8fd9a391e0d_S2648	ee1b6ac89b9ef9c205f8_fireprot	ee1b6ac89b9ef9c205f8	fireprot
92e96129b8fd9a391e0d_S2648	92e96129b8fd9a391e0d_tmdbs	92e96129b8fd9a391e0d	tmdbs
92e96129b8fd9a391e0d_S2648	92e96129b8fd9a391e0d_tmdbm	92e96129b8fd9a391e0d	tmdbm
6cd5a0612af82b5c38a4_S2648	6cd5a0612af82b5c38a4_S2648	6cd5a0612af82b5c38a4	S2648
6cd5a0612af82b5c38a4_S2648	6cd5a0612af82b5c38a4_Ssym	6cd5a0612af82b5c38a4	Ssym
6cd5a0612af82b5c38a4_S2648	6cd5a0612af82b5c38a4_ptmuld	6cd5a0612af82b5c38a4	ptmuld
6cd5a0612af82b5c38a4_S2648	6cd5a0612af82b5c38a4_fireprot	6cd5a0612af82b5c38a4	fireprot
6cd5a0612af82b5c38a4_S2648	6cd5a0612af82b5c38a4_tmdbs	6cd5a0612af82b5c38a4	tmdbs
6cd5a0612af82b5c38a4_S2648	c9af818fa2787c99c3b0_tmdbs	c9af818fa2787c99c3b0	tmdbs
3edc423f1c41efa28e50_S2648	3edc423f1c41efa28e50_S2648	3edc423f1c41efa28e50	S2648
3a5b77a04560123fbfc8_S2648	3a5b77a04560123fbfc8_S2648	3a5b77a04560123fbfc8	S2648
3a5b77a04560123fbfc8_S2648	3a5b77a04560123fbfc8_ptmuld	3a5b77a04560123fbfc8	ptmuld
3a5b77a04560123fbfc8_S2648	977ffc87a9b27f41f96a_fireprot	977ffc87a9b27f41f96a	fireprot
3a5b77a04560123fbfc8_S2648	3a5b77a04560123fbfc8_tmdbs	3a5b77a04560123fbfc8	tmdbs
cdec578756e4eb33b76a_S2648	cdec578756e4eb33b76a_S2648	cdec578756e4eb33b76a	S2648
cdec578756e4eb33b76a_S2648	6e20aecd2f523ea4fcbf_ptmuld	6e20aecd2f523ea4fcbf	ptmuld
cdec578756e4eb33b76a_S2648	cdec578756e4eb33b76a_tmdbs	cdec578756e4eb33b76a	tmdbs
cdec578756e4eb33b76a_S2648	cdec578756e4eb33b76a_tmdbm	cdec578756e4eb33b76a	tmdbm
fcb8b4d66976c17832b9_S2648	fcb8b4d66976c17832b9_S2648	fcb8b4d66976c17832b9	S2648
fcb8b4d66976c17832b9_S2648	fcb8b4d66976c17832b9_Ssym	fcb8b4d66976c17832b9	Ssym
fcb8b4d66976c17832b9_S2648	fcb8b4d66976c17832b9_ptmuld	fcb8b4d66976c17832b9	ptmuld
3fb6d87cf134a1be3dbd_S2648	3fb6d87cf134a1be3dbd_S2648	3fb6d87cf134a1be3dbd	S2648
3fb6d87cf134a1be3dbd_S2648	3fb6d87cf134a1be3dbd_ptmuld	3fb6d87cf134a1be3dbd	ptmuld
3fb6d87cf134a1be3dbd_S2648	3fb6d87cf134a1be3dbd_tmdbs	3fb6d87cf134a1be3dbd	tmdbs
3fb6d87cf134a1be3dbd_S2648	3fb6d87cf134a1be3dbd_tmdbm	3fb6d87cf134a1be3dbd	tmdbm
f9e60e6127907f5213aa_S2648	f9e60e6127907f5213aa_S2648	f9e60e6127907f5213aa	S2648
f9e60e6127907f5213aa_S2648	ee983d7c65b325f54eb9_mega	ee983d7c65b325f54eb9	mega
f9e60e6127907f5213aa_S2648	a1bba342761208d209b7_S2648	a1bba342761208d209b7	S2648
f9e60e6127907f5213aa_S2648	ec8a66592d93303b5552_fireprot	ec8a66592d93303b5552	fireprot
f9e60e6127907f5213aa_S2648	171e2f61b54b49386828_tmdbs	171e2f61b54b49386828	tmdbs
0746e6dced3a9389bd73_S2648	0746e6dced3a9389bd73_S2648	0746e6dced3a9389bd73	S2648
0746e6dced3a9389bd73_S2648	315d6748cc5c400ad7ab_tmdbs	315d6748cc5c400ad7ab	tmdbs
0746e6dced3a9389bd73_S2648	315d6748cc5c400ad7ab_tmdbm	315d6748cc5c400ad7ab	tmdbm
d25732f31f45089e7007_S2648	d25732f31f45089e7007_S2648	d25732f31f45089e7007	S2648
424f063257acc50d5fd6_S2648	424f063257acc50d5fd6_S2648	424f063257acc50d5fd6	S2648
424f063257acc50d5fd6_S2648	424f063257acc50d5fd6_tmdbs	424f063257acc50d5fd6	tmdbs
aa561453eea53231bd71_S2648	aa561453eea53231bd71_S2648	aa561453eea53231bd71	S2648
24fca03c5715c516e59a_S2648	24fca03c5715c516e59a_S2648	24fca03c5715c516e59a	S2648
24fca03c5715c516e59a_S2648	24fca03c5715c516e59a_tmdbs	24fca03c5715c516e59a	tmdbs
24fca03c5715c516e59a_S2648	24fca03c5715c516e59a_tmdbm	24fca03c5715c516e59a	tmdbm
24fca03c5715c516e59a_S2648	ba69c81cb03a90470a50_tmdbs	ba69c81cb03a90470a50	tmdbs
a1007556694d5201529e_S2648	a1007556694d5201529e_S2648	a1007556694d5201529e	S2648
511b03f2bdeb80121ab3_mega	511b03f2bdeb80121ab3_mega	511b03f2bdeb80121ab3	mega
7a592237f71d7f2ba375_mega	7a592237f71d7f2ba375_mega	7a592237f71d7f2ba375	mega
7a592237f71d7f2ba375_mega	e4e5317636d49be8c684_mega	e4e5317636d49be8c684	mega
ac4177740f44fc891a3a_mega	ac4177740f44fc891a3a_mega	ac4177740f44fc891a3a	mega
a1d6bf7c843c19ea8b26_mega	a1d6bf7c843c19ea8b26_mega	a1d6bf7c843c19ea8b26	mega
758e5d88e5e9e18f70e9_mega	758e5d88e5e9e18f70e9_mega	758e5d88e5e9e18f70e9	mega
348b221d07c17df34b16_mega	348b221d07c17df34b16_mega	348b221d07c17df34b16	mega
348b221d07c17df34b16_mega	91c002890197d2c0da14_mega	91c002890197d2c0da14	mega
51b2734e6ac0b3cc402b_mega	51b2734e6ac0b3cc402b_mega	51b2734e6ac0b3cc402b	mega
abc847d3588e889b8e17_mega	abc847d3588e889b8e17_mega	abc847d3588e889b8e17	mega
ab67ec4c8f0937aa6e3b_mega	ab67ec4c8f0937aa6e3b_mega	ab67ec4c8f0937aa6e3b	mega
db432b4dfedadbefe05e_mega	db432b4dfedadbefe05e_mega	db432b4dfedadbefe05e	mega
d4e37dce86afb8fc2fa5_mega	d4e37dce86afb8fc2fa5_mega	d4e37dce86afb8fc2fa5	mega
d4e37dce86afb8fc2fa5_mega	b2491b97007028c509d3_mega	b2491b97007028c509d3	mega
d4e37dce86afb8fc2fa5_mega	4d45d37a44d23577e2b5_mega	4d45d37a44d23577e2b5	mega
d4e37dce86afb8fc2fa5_mega	9cb0da6c0bb4f823e546_mega	9cb0da6c0bb4f823e546	mega
9c6b0d00b5b101d36eb4_mega	9c6b0d00b5b101d36eb4_mega	9c6b0d00b5b101d36eb4	mega
9c6b0d00b5b101d36eb4_mega	a44dac14a6ec5737ec3f_mega	a44dac14a6ec5737ec3f	mega
9c6b0d00b5b101d36eb4_mega	34da1bc592e26fe9f888_mega	34da1bc592e26fe9f888	mega
9ee77892ffdbdc4f6544_mega	9ee77892ffdbdc4f6544_mega	9ee77892ffdbdc4f6544	mega
9d1dee6b5cef5e91fa66_mega	9d1dee6b5cef5e91fa66_mega	9d1dee6b5cef5e91fa66	mega
80c840ebfde2241a8f4c_mega	80c840ebfde2241a8f4c_mega	80c840ebfde2241a8f4c	mega
b0cedb566b0bd5bda587_mega	b0cedb566b0bd5bda587_mega	b0cedb566b0bd5bda587	mega
5b17e8a00ee5e1b3bb0d_mega	5b17e8a00ee5e1b3bb0d_mega	5b17e8a00ee5e1b3bb0d	mega
67a785ecc179f8611c17_mega	67a785ecc179f8611c17_mega	67a785ecc179f8611c17	mega
86a98d341d2d2469e78b_mega	86a98d341d2d2469e78b_mega	86a98d341d2d2469e78b	mega
3b0fd8d011ead86bd59c_mega	3b0fd8d011ead86bd59c_mega	3b0fd8d011ead86bd59c	mega
3b0fd8d011ead86bd59c_mega	db22edae15abfe3f421a_mega	db22edae15abfe3f421a	mega
a9d6db0de59c5bdc0f4f_mega	a9d6db0de59c5bdc0f4f_mega	a9d6db0de59c5bdc0f4f	mega
1c038b6dc2e5e4c3225c_mega	1c038b6dc2e5e4c3225c_mega	1c038b6dc2e5e4c3225c	mega
ae8c7975bb67520379ce_mega	ae8c7975bb67520379ce_mega	ae8c7975bb67520379ce	mega
8fee364d38b29db2368b_mega	8fee364d38b29db2368b_mega	8fee364d38b29db2368b	mega
b268bb62ad2e3fb8cbce_mega	b268bb62ad2e3fb8cbce_mega	b268bb62ad2e3fb8cbce	mega
b268bb62ad2e3fb8cbce_mega	21eb8e379a92378a2cf8_mega	21eb8e379a92378a2cf8	mega
fe13453d71ffb6d14d27_mega	fe13453d71ffb6d14d27_mega	fe13453d71ffb6d14d27	mega
fe13453d71ffb6d14d27_mega	634bc2564f45d63f3bdc_mega	634bc2564f45d63f3bdc	mega
ceaa0cf0e35d24c43102_mega	ceaa0cf0e35d24c43102_mega	ceaa0cf0e35d24c43102	mega
d37fd6b05598ce64b389_mega	d37fd6b05598ce64b389_mega	d37fd6b05598ce64b389	mega
d37fd6b05598ce64b389_mega	f8c71c23bace4ecc198d_mega	f8c71c23bace4ecc198d	mega
d37fd6b05598ce64b389_mega	7a6c6471e5e625663880_mega	7a6c6471e5e625663880	mega
d37fd6b05598ce64b389_mega	ccf4f1bab831212f31df_S2648	ccf4f1bab831212f31df	S2648
d37fd6b05598ce64b389_mega	31a248333b869edb8257_mega	31a248333b869edb8257	mega
d37fd6b05598ce64b389_mega	7f61533939bb95c98047_ptmuld	7f61533939bb95c98047	ptmuld
d37fd6b05598ce64b389_mega	8f3440f8533728b3aeaf_fireprot	8f3440f8533728b3aeaf	fireprot
d37fd6b05598ce64b389_mega	8f3440f8533728b3aeaf_tmdbs	8f3440f8533728b3aeaf	tmdbs
d37fd6b05598ce64b389_mega	8f3440f8533728b3aeaf_tmdbm	8f3440f8533728b3aeaf	tmdbm
d37fd6b05598ce64b389_mega	0ab6112d7245fd9d6ca8_mega	0ab6112d7245fd9d6ca8	mega
6319f8451fde5c4f8a2c_mega	6319f8451fde5c4f8a2c_mega	6319f8451fde5c4f8a2c	mega
0eb0f191aceebab44104_mega	0eb0f191aceebab44104_mega	0eb0f191aceebab44104	mega
e0747e0b25387e85c7dc_mega	e0747e0b25387e85c7dc_mega	e0747e0b25387e85c7dc	mega
9c668fc342d5ec5e9148_mega	9c668fc342d5ec5e9148_mega	9c668fc342d5ec5e9148	mega
ac3a1e110c30e86d548a_mega	ac3a1e110c30e86d548a_mega	ac3a1e110c30e86d548a	mega
95955a4b849d49144074_mega	95955a4b849d49144074_mega	95955a4b849d49144074	mega
95955a4b849d49144074_mega	cbf971e5625a4fde4b16_mega	cbf971e5625a4fde4b16	mega
de09de9e48dac0f2c01e_mega	de09de9e48dac0f2c01e_mega	de09de9e48dac0f2c01e	mega
de09de9e48dac0f2c01e_mega	cf0aef2ecef9bb681b53_mega	cf0aef2ecef9bb681b53	mega
de09de9e48dac0f2c01e_mega	a8c9542e536e6b4af376_mega	a8c9542e536e6b4af376	mega
329a15dfc6730b15b458_mega	329a15dfc6730b15b458_mega	329a15dfc6730b15b458	mega
329a15dfc6730b15b458_mega	fdb458bcdbb08a0939c5_mega	fdb458bcdbb08a0939c5	mega
a8c841f8cc20ffd84ba2_mega	a8c841f8cc20ffd84ba2_mega	a8c841f8cc20ffd84ba2	mega
1c0a395cb7279063479e_ptmulnr	1c0a395cb7279063479e_ptmulnr	1c0a395cb7279063479e	ptmulnr
1c0a395cb7279063479e_ptmulnr	7833690ecc1bc7a132a7_ptmuld	7833690ecc1bc7a132a7	ptmuld
1c0a395cb7279063479e_ptmulnr	1c0a395cb7279063479e_fireprot	1c0a395cb7279063479e	fireprot
1c0a395cb7279063479e_ptmulnr	29f3ded2617597ef65f8_tmdbm	29f3ded2617597ef65f8	tmdbm
09227458ffd4908e9f05_ptmulnr	09227458ffd4908e9f05_ptmulnr	09227458ffd4908e9f05	ptmulnr
09227458ffd4908e9f05_ptmulnr	09cc5387849ce5b752e9_S669	09cc5387849ce5b752e9	S669
09227458ffd4908e9f05_ptmulnr	5bf44ed707e9020e9d03_ptmuld	5bf44ed707e9020e9d03	ptmuld
09227458ffd4908e9f05_ptmulnr	09227458ffd4908e9f05_fireprot	09227458ffd4908e9f05	fireprot
07126344faadb6c29b43_ptmulnr	07126344faadb6c29b43_ptmulnr	07126344faadb6c29b43	ptmulnr
07126344faadb6c29b43_ptmulnr	8eb73b5c95ed7be264c7_ptmuld	8eb73b5c95ed7be264c7	ptmuld
07126344faadb6c29b43_ptmulnr	07126344faadb6c29b43_fireprot	07126344faadb6c29b43	fireprot
07126344faadb6c29b43_ptmulnr	8eb73b5c95ed7be264c7_tmdbs	8eb73b5c95ed7be264c7	tmdbs
07126344faadb6c29b43_ptmulnr	8eb73b5c95ed7be264c7_tmdbm	8eb73b5c95ed7be264c7	tmdbm
351b300de156be5d8309_ptmulnr	351b300de156be5d8309_ptmulnr	351b300de156be5d8309	ptmulnr
351b300de156be5d8309_ptmulnr	f067018ea42cbdc1bdba_ptmuld	f067018ea42cbdc1bdba	ptmuld
351b300de156be5d8309_ptmulnr	351b300de156be5d8309_tmdbs	351b300de156be5d8309	tmdbs
351b300de156be5d8309_ptmulnr	351b300de156be5d8309_tmdbm	351b300de156be5d8309	tmdbm
98bea86d8af4b25fbd69_ptmulnr	98bea86d8af4b25fbd69_ptmulnr	98bea86d8af4b25fbd69	ptmulnr
98bea86d8af4b25fbd69_ptmulnr	1efa3e3a088810789464_ptmuld	1efa3e3a088810789464	ptmuld
98bea86d8af4b25fbd69_ptmulnr	1efa3e3a088810789464_tmdbm	1efa3e3a088810789464	tmdbm
07a28624fc9fbd2ef2ca_ptmulnr	07a28624fc9fbd2ef2ca_ptmulnr	07a28624fc9fbd2ef2ca	ptmulnr
07a28624fc9fbd2ef2ca_ptmulnr	92f7d06e4bcca97760d4_ptmuld	92f7d06e4bcca97760d4	ptmuld
07a28624fc9fbd2ef2ca_ptmulnr	92f7d06e4bcca97760d4_tmdbs	92f7d06e4bcca97760d4	tmdbs
07a28624fc9fbd2ef2ca_ptmulnr	92f7d06e4bcca97760d4_tmdbm	92f7d06e4bcca97760d4	tmdbm
18c4583f14fc1bbe291a_ptmulnr	18c4583f14fc1bbe291a_ptmulnr	18c4583f14fc1bbe291a	ptmulnr
18c4583f14fc1bbe291a_ptmulnr	44b944fc61bc1a4455b5_ptmuld	44b944fc61bc1a4455b5	ptmuld
18c4583f14fc1bbe291a_ptmulnr	18c4583f14fc1bbe291a_fireprot	18c4583f14fc1bbe291a	fireprot
89947b9c16262a60bd09_ptmulnr	89947b9c16262a60bd09_ptmulnr	89947b9c16262a60bd09	ptmulnr
89947b9c16262a60bd09_ptmulnr	e55e7fb4c445b44a3f64_S669	e55e7fb4c445b44a3f64	S669
89947b9c16262a60bd09_ptmulnr	b9a70155f7750f0cae0b_ptmuld	b9a70155f7750f0cae0b	ptmuld
1a7bba1f31d834efa040_ptmulnr	1a7bba1f31d834efa040_ptmulnr	1a7bba1f31d834efa040	ptmulnr
1a7bba1f31d834efa040_ptmulnr	ef98e84d9fb09aa87bc1_ptmuld	ef98e84d9fb09aa87bc1	ptmuld
1a7bba1f31d834efa040_ptmulnr	1a7bba1f31d834efa040_fireprot	1a7bba1f31d834efa040	fireprot
1a7bba1f31d834efa040_ptmulnr	ef98e84d9fb09aa87bc1_tmdbs	ef98e84d9fb09aa87bc1	tmdbs
1a7bba1f31d834efa040_ptmulnr	ef98e84d9fb09aa87bc1_tmdbm	ef98e84d9fb09aa87bc1	tmdbm
c07b8152be774dc23333_fireprot	c07b8152be774dc23333_fireprot	c07b8152be774dc23333	fireprot
c07b8152be774dc23333_fireprot	737b1b14240fcb4c0913_mega	737b1b14240fcb4c0913	mega
c07b8152be774dc23333_fireprot	c8e27f81425185708f2e_mega	c8e27f81425185708f2e	mega
c07b8152be774dc23333_fireprot	14a993295feda322e69b_mega	14a993295feda322e69b	mega
c07b8152be774dc23333_fireprot	bdecbbb342bf555da128_mega	bdecbbb342bf555da128	mega
c07b8152be774dc23333_fireprot	45cbb9b01e9e96f98cf7_mega	45cbb9b01e9e96f98cf7	mega
c07b8152be774dc23333_fireprot	1f78a34f5d3097b5e6d6_mega	1f78a34f5d3097b5e6d6	mega
c07b8152be774dc23333_fireprot	d279c6451648ee6790cd_mega	d279c6451648ee6790cd	mega
c07b8152be774dc23333_fireprot	9358a2553b9b323e6f25_mega	9358a2553b9b323e6f25	mega
c07b8152be774dc23333_fireprot	8315c65f2e8973b76d46_mega	8315c65f2e8973b76d46	mega
c07b8152be774dc23333_fireprot	06fdf419b59669aa30fc_mega	06fdf419b59669aa30fc	mega
c07b8152be774dc23333_fireprot	d15ab4a9b45750eaed62_mega	d15ab4a9b45750eaed62	mega
c07b8152be774dc23333_fireprot	4f6a8928e8138ab68bd4_S2648	4f6a8928e8138ab68bd4	S2648
c07b8152be774dc23333_fireprot	c07b8152be774dc23333_tmdbs	c07b8152be774dc23333	tmdbs
c07b8152be774dc23333_fireprot	16224393147ab5a34a33_tmdbs	16224393147ab5a34a33	tmdbs
c07b8152be774dc23333_fireprot	4f6a8928e8138ab68bd4_tmdbs	4f6a8928e8138ab68bd4	tmdbs
c07b8152be774dc23333_fireprot	4f6a8928e8138ab68bd4_tmdbm	4f6a8928e8138ab68bd4	tmdbm
c07b8152be774dc23333_fireprot	ef3f0729cafe958aaa68_mega	ef3f0729cafe958aaa68	mega
c07b8152be774dc23333_fireprot	e2cfbf28bae5427949f2_mega	e2cfbf28bae5427949f2	mega
c07b8152be774dc23333_fireprot	b3b8d3fdd42f72fa384e_mega	b3b8d3fdd42f72fa384e	mega
c07b8152be774dc23333_fireprot	62796b30ad89e5be369e_mega	62796b30ad89e5be369e	mega
c07b8152be774dc23333_fireprot	43265b3ab6708426741d_mega	43265b3ab6708426741d	mega
520538e155326f0c841c_fireprot	520538e155326f0c841c_fireprot	520538e155326f0c841c	fireprot
520538e155326f0c841c_fireprot	6d7548159acbfcb42d5b_S2648	6d7548159acbfcb42d5b	S2648
520538e155326f0c841c_fireprot	8c5e10162f269ae14576_S2648	8c5e10162f269ae14576	S2648
520538e155326f0c841c_fireprot	8c5e10162f269ae14576_p53	8c5e10162f269ae14576	p53
520538e155326f0c841c_fireprot	6d7548159acbfcb42d5b_ptmuld	6d7548159acbfcb42d5b	ptmuld
520538e155326f0c841c_fireprot	bf1ac36ecda9d4298079_ptmuld	bf1ac36ecda9d4298079	ptmuld
520538e155326f0c841c_fireprot	520538e155326f0c841c_tmdbs	520538e155326f0c841c	tmdbs
520538e155326f0c841c_fireprot	520538e155326f0c841c_tmdbm	520538e155326f0c841c	tmdbm
3034b1edce7d7c3c4771_fireprot	3034b1edce7d7c3c4771_fireprot	3034b1edce7d7c3c4771	fireprot
3034b1edce7d7c3c4771_fireprot	3d9db6cf8472f128ca65_S669	3d9db6cf8472f128ca65	S669
3034b1edce7d7c3c4771_fireprot	3d9db6cf8472f128ca65_tmdbs	3d9db6cf8472f128ca65	tmdbs
7cf69bbfe8b42e6a3f3d_fireprot	7cf69bbfe8b42e6a3f3d_fireprot	7cf69bbfe8b42e6a3f3d	fireprot
7cf69bbfe8b42e6a3f3d_fireprot	91e54cdb7e1d1b94d6dd_S2648	91e54cdb7e1d1b94d6dd	S2648
7cf69bbfe8b42e6a3f3d_fireprot	91e54cdb7e1d1b94d6dd_Ssym	91e54cdb7e1d1b94d6dd	Ssym
7cf69bbfe8b42e6a3f3d_fireprot	91e54cdb7e1d1b94d6dd_tmdbs	91e54cdb7e1d1b94d6dd	tmdbs
34029298bf632ef93f0a_fireprot	34029298bf632ef93f0a_fireprot	34029298bf632ef93f0a	fireprot
34029298bf632ef93f0a_fireprot	0d80b0c5ceb017e92123_S2648	0d80b0c5ceb017e92123	S2648
34029298bf632ef93f0a_fireprot	0d80b0c5ceb017e92123_Ssym	0d80b0c5ceb017e92123	Ssym
34029298bf632ef93f0a_fireprot	ef314098fe5c159544ec_ptmuld	ef314098fe5c159544ec	ptmuld
34029298bf632ef93f0a_fireprot	0d80b0c5ceb017e92123_tmdbs	0d80b0c5ceb017e92123	tmdbs
34029298bf632ef93f0a_fireprot	34029298bf632ef93f0a_tmdbs	34029298bf632ef93f0a	tmdbs
34029298bf632ef93f0a_fireprot	0d80b0c5ceb017e92123_tmdbm	0d80b0c5ceb017e92123	tmdbm
40985cbb6f8dc8a30ecd_fireprot	40985cbb6f8dc8a30ecd_fireprot	40985cbb6f8dc8a30ecd	fireprot
40985cbb6f8dc8a30ecd_fireprot	53e9a3510f7bdcb44505_S2648	53e9a3510f7bdcb44505	S2648
40985cbb6f8dc8a30ecd_fireprot	53e9a3510f7bdcb44505_Ssym	53e9a3510f7bdcb44505	Ssym
40985cbb6f8dc8a30ecd_fireprot	53e9a3510f7bdcb44505_ptmuld	53e9a3510f7bdcb44505	ptmuld
40985cbb6f8dc8a30ecd_fireprot	53e9a3510f7bdcb44505_tmdbm	53e9a3510f7bdcb44505	tmdbm
40985cbb6f8dc8a30ecd_fireprot	3ab5313ff73fdbc9844d_fireprot	3ab5313ff73fdbc9844d	fireprot
40985cbb6f8dc8a30ecd_fireprot	54169a97c10ba4451dfa_S2648	54169a97c10ba4451dfa	S2648
40985cbb6f8dc8a30ecd_fireprot	54169a97c10ba4451dfa_Ssym	54169a97c10ba4451dfa	Ssym
40985cbb6f8dc8a30ecd_fireprot	54169a97c10ba4451dfa_ptmuld	54169a97c10ba4451dfa	ptmuld
40985cbb6f8dc8a30ecd_fireprot	54169a97c10ba4451dfa_tmdbs	54169a97c10ba4451dfa	tmdbs
40985cbb6f8dc8a30ecd_fireprot	54169a97c10ba4451dfa_tmdbm	54169a97c10ba4451dfa	tmdbm
40985cbb6f8dc8a30ecd_fireprot	c16f46604117ecbe596f_fireprot	c16f46604117ecbe596f	fireprot
40985cbb6f8dc8a30ecd_fireprot	40ce884c5f90fe3361d1_S2648	40ce884c5f90fe3361d1	S2648
40985cbb6f8dc8a30ecd_fireprot	a19cf71dd8eb0b7e4b42_S2648	a19cf71dd8eb0b7e4b42	S2648
40985cbb6f8dc8a30ecd_fireprot	a3ce16e38487273247a2_ptmuld	a3ce16e38487273247a2	ptmuld
40985cbb6f8dc8a30ecd_fireprot	84fd031f6607c273de86_tmdbs	84fd031f6607c273de86	tmdbs
40985cbb6f8dc8a30ecd_fireprot	84fd031f6607c273de86_tmdbm	84fd031f6607c273de86	tmdbm
bba18496e5e372802d88_fireprot	bba18496e5e372802d88_fireprot	bba18496e5e372802d88	fireprot
bba18496e5e372802d88_fireprot	aec287000e759d6d5341_S2648	aec287000e759d6d5341	S2648
bba18496e5e372802d88_fireprot	aec287000e759d6d5341_Ssym	aec287000e759d6d5341	Ssym
bba18496e5e372802d88_fireprot	aec287000e759d6d5341_ptmuld	aec287000e759d6d5341	ptmuld
bba18496e5e372802d88_fireprot	aec287000e759d6d5341_tmdbs	aec287000e759d6d5341	tmdbs
bba18496e5e372802d88_fireprot	aec287000e759d6d5341_tmdbm	aec287000e759d6d5341	tmdbm
838f66ded8774295d797_fireprot	838f66ded8774295d797_fireprot	838f66ded8774295d797	fireprot
838f66ded8774295d797_fireprot	a6a0c29a9b6b698cd48d_S2648	a6a0c29a9b6b698cd48d	S2648
838f66ded8774295d797_fireprot	a6a0c29a9b6b698cd48d_Ssym	a6a0c29a9b6b698cd48d	Ssym
838f66ded8774295d797_fireprot	e9dd7d2c86728ff5baa0_ptmuld	e9dd7d2c86728ff5baa0	ptmuld
838f66ded8774295d797_fireprot	a6ba05ea1de4b99e574e_tmdbs	a6ba05ea1de4b99e574e	tmdbs
838f66ded8774295d797_fireprot	a6a0c29a9b6b698cd48d_tmdbs	a6a0c29a9b6b698cd48d	tmdbs
838f66ded8774295d797_fireprot	838f66ded8774295d797_tmdbs	838f66ded8774295d797	tmdbs
838f66ded8774295d797_fireprot	a6a0c29a9b6b698cd48d_tmdbm	a6a0c29a9b6b698cd48d	tmdbm
264a3540624e97a9e528_fireprot	264a3540624e97a9e528_fireprot	264a3540624e97a9e528	fireprot
264a3540624e97a9e528_fireprot	dea2ecb4babad318fe4f_S2648	dea2ecb4babad318fe4f	S2648
264a3540624e97a9e528_fireprot	dea2ecb4babad318fe4f_Ssym	dea2ecb4babad318fe4f	Ssym
264a3540624e97a9e528_fireprot	dea2ecb4babad318fe4f_ptmuld	dea2ecb4babad318fe4f	ptmuld
264a3540624e97a9e528_fireprot	56f2ba80d7ce89491a66_fireprot	56f2ba80d7ce89491a66	fireprot
264a3540624e97a9e528_fireprot	dea2ecb4babad318fe4f_tmdbs	dea2ecb4babad318fe4f	tmdbs
264a3540624e97a9e528_fireprot	264a3540624e97a9e528_tmdbs	264a3540624e97a9e528	tmdbs
264a3540624e97a9e528_fireprot	264a3540624e97a9e528_tmdbm	264a3540624e97a9e528	tmdbm
b7f903a104460721eef4_fireprot	b7f903a104460721eef4_fireprot	b7f903a104460721eef4	fireprot
b7f903a104460721eef4_fireprot	1dc54c67bb4807af9fdc_S2648	1dc54c67bb4807af9fdc	S2648
b7f903a104460721eef4_fireprot	ea0df18d6537e4a95c8b_S2648	ea0df18d6537e4a95c8b	S2648
b7f903a104460721eef4_fireprot	1dc54c67bb4807af9fdc_tmdbs	1dc54c67bb4807af9fdc	tmdbs
b7f903a104460721eef4_fireprot	ea0df18d6537e4a95c8b_tmdbs	ea0df18d6537e4a95c8b	tmdbs
b7f903a104460721eef4_fireprot	ea0df18d6537e4a95c8b_tmdbm	ea0df18d6537e4a95c8b	tmdbm
b253251c84081b7eb770_fireprot	b253251c84081b7eb770_fireprot	b253251c84081b7eb770	fireprot
b253251c84081b7eb770_fireprot	228114c3e46cfb80f3b1_S2648	228114c3e46cfb80f3b1	S2648
b253251c84081b7eb770_fireprot	228114c3e46cfb80f3b1_Ssym	228114c3e46cfb80f3b1	Ssym
b253251c84081b7eb770_fireprot	e962548ffba169ed105d_ptmuld	e962548ffba169ed105d	ptmuld
b253251c84081b7eb770_fireprot	75ce387284e08d53ce70_tmdbs	75ce387284e08d53ce70	tmdbs
b253251c84081b7eb770_fireprot	228114c3e46cfb80f3b1_tmdbs	228114c3e46cfb80f3b1	tmdbs
b253251c84081b7eb770_fireprot	228114c3e46cfb80f3b1_tmdbm	228114c3e46cfb80f3b1	tmdbm
a4924239206b51c38d1e_fireprot	a4924239206b51c38d1e_fireprot	a4924239206b51c38d1e	fireprot
a4924239206b51c38d1e_fireprot	19d81914d3bcb1354a90_S2648	19d81914d3bcb1354a90	S2648
a4924239206b51c38d1e_fireprot	19d81914d3bcb1354a90_ptmuld	19d81914d3bcb1354a90	ptmuld
a4924239206b51c38d1e_fireprot	19d81914d3bcb1354a90_tmdbs	19d81914d3bcb1354a90	tmdbs
a4924239206b51c38d1e_fireprot	19d81914d3bcb1354a90_tmdbm	19d81914d3bcb1354a90	tmdbm
980048d4815b02ecaf6a_fireprot	980048d4815b02ecaf6a_fireprot	980048d4815b02ecaf6a	fireprot
980048d4815b02ecaf6a_fireprot	7aad94b380af53395ccf_mega	7aad94b380af53395ccf	mega
980048d4815b02ecaf6a_fireprot	7875d84d293f77452d60_mega	7875d84d293f77452d60	mega
980048d4815b02ecaf6a_fireprot	e5b8d48ca93aaca5f5c6_S2648	e5b8d48ca93aaca5f5c6	S2648
980048d4815b02ecaf6a_fireprot	e5b8d48ca93aaca5f5c6_ptmuld	e5b8d48ca93aaca5f5c6	ptmuld
980048d4815b02ecaf6a_fireprot	980048d4815b02ecaf6a_tmdbs	980048d4815b02ecaf6a	tmdbs
980048d4815b02ecaf6a_fireprot	980048d4815b02ecaf6a_tmdbm	980048d4815b02ecaf6a	tmdbm
980048d4815b02ecaf6a_fireprot	94ae660e6fc7a987ed0c_mega	94ae660e6fc7a987ed0c	mega
980048d4815b02ecaf6a_fireprot	1dbbb52ae32b9392fa55_mega	1dbbb52ae32b9392fa55	mega
980048d4815b02ecaf6a_fireprot	d7f2c51b0f22ae017f29_mega	d7f2c51b0f22ae017f29	mega
980048d4815b02ecaf6a_fireprot	548d3de7df26cc4d0f93_mega	548d3de7df26cc4d0f93	mega
980048d4815b02ecaf6a_fireprot	89dc86e7ce24577d5142_S2648	89dc86e7ce24577d5142	S2648
980048d4815b02ecaf6a_fireprot	577da8c6741ee1667c4c_S2648	577da8c6741ee1667c4c	S2648
980048d4815b02ecaf6a_fireprot	89dc86e7ce24577d5142_ptmuld	89dc86e7ce24577d5142	ptmuld
980048d4815b02ecaf6a_fireprot	577da8c6741ee1667c4c_ptmuld	577da8c6741ee1667c4c	ptmuld
980048d4815b02ecaf6a_fireprot	577da8c6741ee1667c4c_fireprot	577da8c6741ee1667c4c	fireprot
980048d4815b02ecaf6a_fireprot	577da8c6741ee1667c4c_tmdbs	577da8c6741ee1667c4c	tmdbs
980048d4815b02ecaf6a_fireprot	89dc86e7ce24577d5142_tmdbs	89dc86e7ce24577d5142	tmdbs
980048d4815b02ecaf6a_fireprot	ee3b4526d14843725d53_tmdbs	ee3b4526d14843725d53	tmdbs
980048d4815b02ecaf6a_fireprot	577da8c6741ee1667c4c_tmdbm	577da8c6741ee1667c4c	tmdbm
980048d4815b02ecaf6a_fireprot	89dc86e7ce24577d5142_tmdbm	89dc86e7ce24577d5142	tmdbm
980048d4815b02ecaf6a_fireprot	9b96417c60b8496150eb_mega	9b96417c60b8496150eb	mega
980048d4815b02ecaf6a_fireprot	5330c36bf5ebb10b7ca7_mega	5330c36bf5ebb10b7ca7	mega
c786d6d8dd7c63ed3907_fireprot	c786d6d8dd7c63ed3907_fireprot	c786d6d8dd7c63ed3907	fireprot
c786d6d8dd7c63ed3907_fireprot	62ba5a96a3bba4b8d616_S2648	62ba5a96a3bba4b8d616	S2648
c786d6d8dd7c63ed3907_fireprot	62ba5a96a3bba4b8d616_ptmuld	62ba5a96a3bba4b8d616	ptmuld
c786d6d8dd7c63ed3907_fireprot	62ba5a96a3bba4b8d616_tmdbs	62ba5a96a3bba4b8d616	tmdbs
c786d6d8dd7c63ed3907_fireprot	62ba5a96a3bba4b8d616_tmdbm	62ba5a96a3bba4b8d616	tmdbm
9941fcba4bead50e928b_fireprot	9941fcba4bead50e928b_fireprot	9941fcba4bead50e928b	fireprot
9941fcba4bead50e928b_fireprot	ffe93bcf16bae3794134_S2648	ffe93bcf16bae3794134	S2648
9941fcba4bead50e928b_fireprot	ffe93bcf16bae3794134_ptmuld	ffe93bcf16bae3794134	ptmuld
9941fcba4bead50e928b_fireprot	ffe93bcf16bae3794134_tmdbs	ffe93bcf16bae3794134	tmdbs
9a725406b96ba743fe70_fireprot	9a725406b96ba743fe70_fireprot	9a725406b96ba743fe70	fireprot
9a725406b96ba743fe70_fireprot	1741608bbffc48bbebc5_S2648	1741608bbffc48bbebc5	S2648
9a725406b96ba743fe70_fireprot	1741608bbffc48bbebc5_tmdbs	1741608bbffc48bbebc5	tmdbs
c6fb2e623e46b5a9b16e_fireprot	c6fb2e623e46b5a9b16e_fireprot	c6fb2e623e46b5a9b16e	fireprot
c6fb2e623e46b5a9b16e_fireprot	21df8dd8a887bdde6950_S2648	21df8dd8a887bdde6950	S2648
c6fb2e623e46b5a9b16e_fireprot	a486cf594afa77326155_ptmuld	a486cf594afa77326155	ptmuld
c6fb2e623e46b5a9b16e_fireprot	59d65f6d0ae80a3ee858_tmdbs	59d65f6d0ae80a3ee858	tmdbs
c6fb2e623e46b5a9b16e_fireprot	c6fb2e623e46b5a9b16e_tmdbs	c6fb2e623e46b5a9b16e	tmdbs
c6fb2e623e46b5a9b16e_fireprot	c6fb2e623e46b5a9b16e_tmdbm	c6fb2e623e46b5a9b16e	tmdbm
995201a491a1dffebff3_fireprot	995201a491a1dffebff3_fireprot	995201a491a1dffebff3	fireprot
995201a491a1dffebff3_fireprot	2d3dfbb48c046a8b8e0b_S2648	2d3dfbb48c046a8b8e0b	S2648
995201a491a1dffebff3_fireprot	80a60fb9aa7e444f4c98_ptmuld	80a60fb9aa7e444f4c98	ptmuld
995201a491a1dffebff3_fireprot	2d3dfbb48c046a8b8e0b_tmdbs	2d3dfbb48c046a8b8e0b	tmdbs
995201a491a1dffebff3_fireprot	2d3dfbb48c046a8b8e0b_tmdbm	2d3dfbb48c046a8b8e0b	tmdbm
a9ac42b2583e0016c727_fireprot	a9ac42b2583e0016c727_fireprot	a9ac42b2583e0016c727	fireprot
a9ac42b2583e0016c727_fireprot	de25349815375de653a2_S2648	de25349815375de653a2	S2648
a9ac42b2583e0016c727_fireprot	de25349815375de653a2_ptmuld	de25349815375de653a2	ptmuld
a9ac42b2583e0016c727_fireprot	de25349815375de653a2_tmdbs	de25349815375de653a2	tmdbs
a9ac42b2583e0016c727_fireprot	de25349815375de653a2_tmdbm	de25349815375de653a2	tmdbm
1a699409ad4aa12aed6e_fireprot	1a699409ad4aa12aed6e_fireprot	1a699409ad4aa12aed6e	fireprot
1a699409ad4aa12aed6e_fireprot	acc21f0cc4f03d43dc07_S2648	acc21f0cc4f03d43dc07	S2648
1a699409ad4aa12aed6e_fireprot	acc21f0cc4f03d43dc07_ptmuld	acc21f0cc4f03d43dc07	ptmuld
1a699409ad4aa12aed6e_fireprot	acc21f0cc4f03d43dc07_tmdbs	acc21f0cc4f03d43dc07	tmdbs
1a699409ad4aa12aed6e_fireprot	1a699409ad4aa12aed6e_tmdbs	1a699409ad4aa12aed6e	tmdbs
1a699409ad4aa12aed6e_fireprot	35e2a6488c1a2acdc389_tmdbs	35e2a6488c1a2acdc389	tmdbs
1a699409ad4aa12aed6e_fireprot	acc21f0cc4f03d43dc07_tmdbm	acc21f0cc4f03d43dc07	tmdbm
1a699409ad4aa12aed6e_fireprot	c4fafbef1630ceb0e5cc_tmdbs	c4fafbef1630ceb0e5cc	tmdbs
1a699409ad4aa12aed6e_fireprot	8ed0cd035ea317c9cb5f_tmdbs	8ed0cd035ea317c9cb5f	tmdbs
2358c923d8ff83e60910_fireprot	2358c923d8ff83e60910_fireprot	2358c923d8ff83e60910	fireprot
2358c923d8ff83e60910_fireprot	ac8cf1d0e247401d124c_S2648	ac8cf1d0e247401d124c	S2648
2358c923d8ff83e60910_fireprot	ac8cf1d0e247401d124c_ptmuld	ac8cf1d0e247401d124c	ptmuld
2358c923d8ff83e60910_fireprot	ac8cf1d0e247401d124c_tmdbs	ac8cf1d0e247401d124c	tmdbs
85a2ac65178f2b915440_fireprot	85a2ac65178f2b915440_fireprot	85a2ac65178f2b915440	fireprot
85a2ac65178f2b915440_fireprot	85a2ac65178f2b915440_tmdbs	85a2ac65178f2b915440	tmdbs
85a2ac65178f2b915440_fireprot	0984298f3b200c9d339b_S2648	0984298f3b200c9d339b	S2648
6460df9146c2fbcafd7a_fireprot	6460df9146c2fbcafd7a_fireprot	6460df9146c2fbcafd7a	fireprot
6460df9146c2fbcafd7a_fireprot	b650af5d6e204da1ced2_S2648	b650af5d6e204da1ced2	S2648
6460df9146c2fbcafd7a_fireprot	b650af5d6e204da1ced2_ptmuld	b650af5d6e204da1ced2	ptmuld
6460df9146c2fbcafd7a_fireprot	b650af5d6e204da1ced2_tmdbs	b650af5d6e204da1ced2	tmdbs
6460df9146c2fbcafd7a_fireprot	6460df9146c2fbcafd7a_tmdbs	6460df9146c2fbcafd7a	tmdbs
6460df9146c2fbcafd7a_fireprot	c6375da4941592f90d40_tmdbs	c6375da4941592f90d40	tmdbs
6460df9146c2fbcafd7a_fireprot	c6375da4941592f90d40_tmdbm	c6375da4941592f90d40	tmdbm
30ab2016ac34ce8caf04_fireprot	30ab2016ac34ce8caf04_fireprot	30ab2016ac34ce8caf04	fireprot
30ab2016ac34ce8caf04_fireprot	98e531fbb69cdcc8455e_S2648	98e531fbb69cdcc8455e	S2648
939446760a8785c9e373_fireprot	939446760a8785c9e373_fireprot	939446760a8785c9e373	fireprot
939446760a8785c9e373_fireprot	2ba70882bd01986b4d14_S2648	2ba70882bd01986b4d14	S2648
939446760a8785c9e373_fireprot	2ba70882bd01986b4d14_tmdbs	2ba70882bd01986b4d14	tmdbs
939446760a8785c9e373_fireprot	a78285469b459602fed2_S2648	a78285469b459602fed2	S2648
939446760a8785c9e373_fireprot	a78285469b459602fed2_fireprot	a78285469b459602fed2	fireprot
87373a6481c464b2c1a2_fireprot	87373a6481c464b2c1a2_fireprot	87373a6481c464b2c1a2	fireprot
87373a6481c464b2c1a2_fireprot	2b210a8069328e906b6c_S2648	2b210a8069328e906b6c	S2648
87373a6481c464b2c1a2_fireprot	14628bd52083f36973fe_tmdbs	14628bd52083f36973fe	tmdbs
87373a6481c464b2c1a2_fireprot	91c4c53dd19d7a79faa6_tmdbs	91c4c53dd19d7a79faa6	tmdbs
87373a6481c464b2c1a2_fireprot	2b210a8069328e906b6c_tmdbs	2b210a8069328e906b6c	tmdbs
87373a6481c464b2c1a2_fireprot	830c7da8cff3713a5ccd_S669	830c7da8cff3713a5ccd	S669
87373a6481c464b2c1a2_fireprot	830c7da8cff3713a5ccd_tmdbs	830c7da8cff3713a5ccd	tmdbs
ec30fe756ababc560963_fireprot	ec30fe756ababc560963_fireprot	ec30fe756ababc560963	fireprot
ec30fe756ababc560963_fireprot	7709a26f1bd02f3b250b_S2648	7709a26f1bd02f3b250b	S2648
ec30fe756ababc560963_fireprot	a0490cbdb1978c0b2d52_ptmuld	a0490cbdb1978c0b2d52	ptmuld
ec30fe756ababc560963_fireprot	7565eb1eee95ff7254fd_tmdbs	7565eb1eee95ff7254fd	tmdbs
ec30fe756ababc560963_fireprot	ec30fe756ababc560963_tmdbs	ec30fe756ababc560963	tmdbs
ec30fe756ababc560963_fireprot	7565eb1eee95ff7254fd_tmdbm	7565eb1eee95ff7254fd	tmdbm
01933112de6f345b9eeb_fireprot	01933112de6f345b9eeb_fireprot	01933112de6f345b9eeb	fireprot
01933112de6f345b9eeb_fireprot	3d9428df01d35d164d69_ptmuld	3d9428df01d35d164d69	ptmuld
01933112de6f345b9eeb_fireprot	c82770cfbe3f3d93dca1_tmdbs	c82770cfbe3f3d93dca1	tmdbs
01933112de6f345b9eeb_fireprot	bb67d6ed839d61e80ba8_S2648	bb67d6ed839d61e80ba8	S2648
f94b9ec948ac48f2654c_fireprot	f94b9ec948ac48f2654c_fireprot	f94b9ec948ac48f2654c	fireprot
f94b9ec948ac48f2654c_fireprot	e14c85b5d4e8697d566c_S2648	e14c85b5d4e8697d566c	S2648
f94b9ec948ac48f2654c_fireprot	f94b9ec948ac48f2654c_tmdbs	f94b9ec948ac48f2654c	tmdbs
f94b9ec948ac48f2654c_fireprot	e14c85b5d4e8697d566c_tmdbs	e14c85b5d4e8697d566c	tmdbs
35bc95270307418af1a5_fireprot	35bc95270307418af1a5_fireprot	35bc95270307418af1a5	fireprot
35bc95270307418af1a5_fireprot	5fcef557df47670fd05c_S2648	5fcef557df47670fd05c	S2648
35bc95270307418af1a5_fireprot	5fcef557df47670fd05c_ptmuld	5fcef557df47670fd05c	ptmuld
35bc95270307418af1a5_fireprot	35a92e365cb31af34918_tmdbs	35a92e365cb31af34918	tmdbs
35bc95270307418af1a5_fireprot	35bc95270307418af1a5_tmdbs	35bc95270307418af1a5	tmdbs
35bc95270307418af1a5_fireprot	ca005b78f4aad65076cc_tmdbm	ca005b78f4aad65076cc	tmdbm
35bc95270307418af1a5_fireprot	35bc95270307418af1a5_tmdbm	35bc95270307418af1a5	tmdbm
35bc95270307418af1a5_fireprot	a61b23b2d13f029b045d_S2648	a61b23b2d13f029b045d	S2648
35bc95270307418af1a5_fireprot	a61b23b2d13f029b045d_fireprot	a61b23b2d13f029b045d	fireprot
35bc95270307418af1a5_fireprot	0ff63590219f0fcf66f9_tmdbs	0ff63590219f0fcf66f9	tmdbs
35bc95270307418af1a5_fireprot	a61b23b2d13f029b045d_tmdbs	a61b23b2d13f029b045d	tmdbs
27c1188be1e98c0298fd_fireprot	27c1188be1e98c0298fd_fireprot	27c1188be1e98c0298fd	fireprot
27c1188be1e98c0298fd_fireprot	ed4ddf6f5bf260e97b68_S2648	ed4ddf6f5bf260e97b68	S2648
27c1188be1e98c0298fd_fireprot	ed4ddf6f5bf260e97b68_tmdbs	ed4ddf6f5bf260e97b68	tmdbs
27c1188be1e98c0298fd_fireprot	492dc2b65003af8adf78_tmdbs	492dc2b65003af8adf78	tmdbs
63fa12c7331f6c8a93b7_fireprot	63fa12c7331f6c8a93b7_fireprot	63fa12c7331f6c8a93b7	fireprot
63fa12c7331f6c8a93b7_fireprot	6005c2bf706c3e9f2a9c_S2648	6005c2bf706c3e9f2a9c	S2648
63fa12c7331f6c8a93b7_fireprot	6005c2bf706c3e9f2a9c_ptmuld	6005c2bf706c3e9f2a9c	ptmuld
63fa12c7331f6c8a93b7_fireprot	6005c2bf706c3e9f2a9c_tmdbs	6005c2bf706c3e9f2a9c	tmdbs
63fa12c7331f6c8a93b7_fireprot	6005c2bf706c3e9f2a9c_tmdbm	6005c2bf706c3e9f2a9c	tmdbm
6c66f4d58518b1a19402_fireprot	6c66f4d58518b1a19402_fireprot	6c66f4d58518b1a19402	fireprot
6c66f4d58518b1a19402_fireprot	89282e98f2cc1aea50a8_S2648	89282e98f2cc1aea50a8	S2648
6c66f4d58518b1a19402_fireprot	89282e98f2cc1aea50a8_tmdbs	89282e98f2cc1aea50a8	tmdbs
6c66f4d58518b1a19402_fireprot	d52159710096a28d4153_S2648	d52159710096a28d4153	S2648
6c66f4d58518b1a19402_fireprot	d52159710096a28d4153_ptmuld	d52159710096a28d4153	ptmuld
6c66f4d58518b1a19402_fireprot	d52159710096a28d4153_tmdbs	d52159710096a28d4153	tmdbs
6c66f4d58518b1a19402_fireprot	d52159710096a28d4153_tmdbm	d52159710096a28d4153	tmdbm
264ee3d0a35e75436eb5_fireprot	264ee3d0a35e75436eb5_fireprot	264ee3d0a35e75436eb5	fireprot
264ee3d0a35e75436eb5_fireprot	fd5b818be416eb14d47e_S2648	fd5b818be416eb14d47e	S2648
264ee3d0a35e75436eb5_fireprot	264ee3d0a35e75436eb5_tmdbs	264ee3d0a35e75436eb5	tmdbs
264ee3d0a35e75436eb5_fireprot	3b77264ce39a01c95b59_tmdbs	3b77264ce39a01c95b59	tmdbs
f940bfc78504a35e4091_fireprot	f940bfc78504a35e4091_fireprot	f940bfc78504a35e4091	fireprot
f940bfc78504a35e4091_fireprot	be769dc1fb874a5666aa_S2648	be769dc1fb874a5666aa	S2648
eddcde496322a1519e55_fireprot	eddcde496322a1519e55_fireprot	eddcde496322a1519e55	fireprot
eddcde496322a1519e55_fireprot	2e9dc143bca6d970fc8f_S2648	2e9dc143bca6d970fc8f	S2648
ab7c6f5aaee07bea0479_fireprot	ab7c6f5aaee07bea0479_fireprot	ab7c6f5aaee07bea0479	fireprot
6e824c94b2dee0e371bb_S669	6e824c94b2dee0e371bb_S669	6e824c94b2dee0e371bb	S669
6e824c94b2dee0e371bb_S669	6e824c94b2dee0e371bb_tmdbs	6e824c94b2dee0e371bb	tmdbs
a841b07b9d386f8a69d3_S669	a841b07b9d386f8a69d3_S669	a841b07b9d386f8a69d3	S669
ceafa53387bd6961289b_S669	ceafa53387bd6961289b_S669	ceafa53387bd6961289b	S669
ceafa53387bd6961289b_S669	9e69243ee9ff143aac75_mega	9e69243ee9ff143aac75	mega
3ea22ceebd6152fcbe65_S669	3ea22ceebd6152fcbe65_S669	3ea22ceebd6152fcbe65	S669
3ea22ceebd6152fcbe65_S669	8d670f8369801da6f5ff_mega	8d670f8369801da6f5ff	mega
3ea22ceebd6152fcbe65_S669	f0f9fe4623a50ab10d5c_mega	f0f9fe4623a50ab10d5c	mega
593fea1a6827d214aa05_S669	593fea1a6827d214aa05_S669	593fea1a6827d214aa05	S669
593fea1a6827d214aa05_S669	593fea1a6827d214aa05_tmdbs	593fea1a6827d214aa05	tmdbs
51f87852511bad29cc38_S669	51f87852511bad29cc38_S669	51f87852511bad29cc38	S669
944287963b9722d68f6e_S669	944287963b9722d68f6e_S669	944287963b9722d68f6e	S669
944287963b9722d68f6e_S669	944287963b9722d68f6e_fireprot	944287963b9722d68f6e	fireprot
944287963b9722d68f6e_S669	790b148d24b095aaaa26_mega	790b148d24b095aaaa26	mega
47d694cb80f4d07a4242_S669	47d694cb80f4d07a4242_S669	47d694cb80f4d07a4242	S669
2ed4237c1cefc8b00504_S669	2ed4237c1cefc8b00504_S669	2ed4237c1cefc8b00504	S669
a05c3a6aa3565404002a_S669	a05c3a6aa3565404002a_S669	a05c3a6aa3565404002a	S669
dea83ad625b10f262cf8_S669	dea83ad625b10f262cf8_S669	dea83ad625b10f262cf8	S669
dea83ad625b10f262cf8_S669	dea83ad625b10f262cf8_tmdbs	dea83ad625b10f262cf8	tmdbs
4e1d1002632a9aa75d69_S669	4e1d1002632a9aa75d69_S669	4e1d1002632a9aa75d69	S669
4e1d1002632a9aa75d69_S669	555d5bfb188de20cf0bc_tmdbs	555d5bfb188de20cf0bc	tmdbs
91af736b93c9d1fe66b0_S669	91af736b93c9d1fe66b0_S669	91af736b93c9d1fe66b0	S669
91af736b93c9d1fe66b0_S669	543c74adaa92982e97f4_tmdbs	543c74adaa92982e97f4	tmdbs
316382aca085604d9645_S669	316382aca085604d9645_S669	316382aca085604d9645	S669
316382aca085604d9645_S669	0bc4ba96a45f4f1bc287_S669	0bc4ba96a45f4f1bc287	S669
316382aca085604d9645_S669	196ab93d160f3d37aff4_S669	196ab93d160f3d37aff4	S669
316382aca085604d9645_S669	196ab93d160f3d37aff4_tmdbs	196ab93d160f3d37aff4	tmdbs
98e5bc29e1331c17d395_S669	98e5bc29e1331c17d395_S669	98e5bc29e1331c17d395	S669
98e5bc29e1331c17d395_S669	98e5bc29e1331c17d395_tmdbs	98e5bc29e1331c17d395	tmdbs
0088e8a9cce6e7d12132_Myoglobin	0088e8a9cce6e7d12132_Myoglobin	0088e8a9cce6e7d12132	M
0088e8a9cce6e7d12132_Myoglobin	543074f84e2e817e45e4_S2648	543074f84e2e817e45e4	S2648
0088e8a9cce6e7d12132_Myoglobin	543074f84e2e817e45e4_ptmuld	543074f84e2e817e45e4	ptmuld
0088e8a9cce6e7d12132_Myoglobin	0088e8a9cce6e7d12132_fireprot	0088e8a9cce6e7d12132	fireprot
0088e8a9cce6e7d12132_Myoglobin	543074f84e2e817e45e4_tmdbs	543074f84e2e817e45e4	tmdbs
0088e8a9cce6e7d12132_Myoglobin	543074f84e2e817e45e4_tmdbm	543074f84e2e817e45e4	tmdbm
3e1297730ff4b26163f6_fireprot	3e1297730ff4b26163f6_fireprot	3e1297730ff4b26163f6	fireprot
3e1297730ff4b26163f6_fireprot	2cb37989ee4dea035a83_S2648	2cb37989ee4dea035a83	S2648
3e1297730ff4b26163f6_fireprot	2cb37989ee4dea035a83_ptmuld	2cb37989ee4dea035a83	ptmuld
b2660ae4aa8432c79349_fireprot	b2660ae4aa8432c79349_fireprot	b2660ae4aa8432c79349	fireprot
b2660ae4aa8432c79349_fireprot	72282ae6b8a0f18f6a97_S2648	72282ae6b8a0f18f6a97	S2648
bf03a414479955aeeb05_fireprot	bf03a414479955aeeb05_fireprot	bf03a414479955aeeb05	fireprot
bf03a414479955aeeb05_fireprot	4c3da4bfb6602d472822_S2648	4c3da4bfb6602d472822	S2648
bf03a414479955aeeb05_fireprot	4c3da4bfb6602d472822_ptmuld	4c3da4bfb6602d472822	ptmuld
bf03a414479955aeeb05_fireprot	90719bfe6f92b5de4a1c_fireprot	90719bfe6f92b5de4a1c	fireprot
bf03a414479955aeeb05_fireprot	bced6785e77c9b1804f4_ptmuld	bced6785e77c9b1804f4	ptmuld
0162f07b1fd4bc8321d7_fireprot	0162f07b1fd4bc8321d7_fireprot	0162f07b1fd4bc8321d7	fireprot
0162f07b1fd4bc8321d7_fireprot	0162f07b1fd4bc8321d7_tmdbs	0162f07b1fd4bc8321d7	tmdbs
ca7937ac516c08e76350_fireprot	ca7937ac516c08e76350_fireprot	ca7937ac516c08e76350	fireprot
ca7937ac516c08e76350_fireprot	22265872fd441dca9747_S2648	22265872fd441dca9747	S2648
ca7937ac516c08e76350_fireprot	22265872fd441dca9747_ptmuld	22265872fd441dca9747	ptmuld
ca7937ac516c08e76350_fireprot	ca7937ac516c08e76350_tmdbs	ca7937ac516c08e76350	tmdbs
ff52cb715faf80c8666c_fireprot	ff52cb715faf80c8666c_fireprot	ff52cb715faf80c8666c	fireprot
ff52cb715faf80c8666c_fireprot	2b85d390d101118ed031_mega	2b85d390d101118ed031	mega
ff52cb715faf80c8666c_fireprot	e09e1b5e9b37a5a75952_mega	e09e1b5e9b37a5a75952	mega
ff52cb715faf80c8666c_fireprot	7b6d5441220bde385bef_mega	7b6d5441220bde385bef	mega
ff52cb715faf80c8666c_fireprot	90158764f7052f827d90_S2648	90158764f7052f827d90	S2648
ff52cb715faf80c8666c_fireprot	ff52cb715faf80c8666c_tmdbs	ff52cb715faf80c8666c	tmdbs
ff52cb715faf80c8666c_fireprot	90158764f7052f827d90_tmdbs	90158764f7052f827d90	tmdbs
ff52cb715faf80c8666c_fireprot	e4eb31323a1428a4334b_mega	e4eb31323a1428a4334b	mega
ff52cb715faf80c8666c_fireprot	e4eb31323a1428a4334b_tmdbs	e4eb31323a1428a4334b	tmdbs
ff52cb715faf80c8666c_fireprot	e4eb31323a1428a4334b_tmdbm	e4eb31323a1428a4334b	tmdbm
ff52cb715faf80c8666c_fireprot	b1ba01571484c7fd6e5a_fireprot	b1ba01571484c7fd6e5a	fireprot
ff52cb715faf80c8666c_fireprot	ad14937b60b7f0f0eec5_S2648	ad14937b60b7f0f0eec5	S2648
ff52cb715faf80c8666c_fireprot	4c76d7a9440b0a2c0fd8_mega	4c76d7a9440b0a2c0fd8	mega
b576b68a2803c194f235_fireprot	b576b68a2803c194f235_fireprot	b576b68a2803c194f235	fireprot
b576b68a2803c194f235_fireprot	b44ffc73e3fdfb1dbe8d_S2648	b44ffc73e3fdfb1dbe8d	S2648
b576b68a2803c194f235_fireprot	61f8403348d77da6c7ec_mega	61f8403348d77da6c7ec	mega
b576b68a2803c194f235_fireprot	3ae12aa00e85c6a515c1_mega	3ae12aa00e85c6a515c1	mega
b576b68a2803c194f235_fireprot	c021083ab8790ee6d3c4_mega	c021083ab8790ee6d3c4	mega
b576b68a2803c194f235_fireprot	e0df17016b37343bf419_mega	e0df17016b37343bf419	mega
b576b68a2803c194f235_fireprot	c661a8e2e9c9cce36f44_tmdbs	c661a8e2e9c9cce36f44	tmdbs
a6e373a75e034ee1f17e_fireprot	a6e373a75e034ee1f17e_fireprot	a6e373a75e034ee1f17e	fireprot
a6e373a75e034ee1f17e_fireprot	6ff9dd11e6adfa0ff4e6_S2648	6ff9dd11e6adfa0ff4e6	S2648
a6e373a75e034ee1f17e_fireprot	6ff9dd11e6adfa0ff4e6_ptmuld	6ff9dd11e6adfa0ff4e6	ptmuld
96121d7ac719403cbe43_fireprot	96121d7ac719403cbe43_fireprot	96121d7ac719403cbe43	fireprot
96121d7ac719403cbe43_fireprot	e82b9e694db318d58273_S2648	e82b9e694db318d58273	S2648
4fad18400b0f2ad6ef9a_fireprot	4fad18400b0f2ad6ef9a_fireprot	4fad18400b0f2ad6ef9a	fireprot
4fad18400b0f2ad6ef9a_fireprot	0bb8730bf0b4ea4ae8f0_S669	0bb8730bf0b4ea4ae8f0	S669
4fad18400b0f2ad6ef9a_fireprot	0bb8730bf0b4ea4ae8f0_tmdbs	0bb8730bf0b4ea4ae8f0	tmdbs
2ea9362ad3f8b995f483_fireprot	2ea9362ad3f8b995f483_fireprot	2ea9362ad3f8b995f483	fireprot
2ea9362ad3f8b995f483_fireprot	cae0b6f91ed35d95dc60_ptmuld	cae0b6f91ed35d95dc60	ptmuld
2ea9362ad3f8b995f483_fireprot	a51a050e19cedb8f459e_S2648	a51a050e19cedb8f459e	S2648
2ea9362ad3f8b995f483_fireprot	bfeed64c4099bff5afef_fireprot	bfeed64c4099bff5afef	fireprot
2ea9362ad3f8b995f483_fireprot	bfeed64c4099bff5afef_tmdbs	bfeed64c4099bff5afef	tmdbs
2ea9362ad3f8b995f483_fireprot	fca672690f54592a21dc_S2648	fca672690f54592a21dc	S2648
732c83618b4af40db672_fireprot	732c83618b4af40db672_fireprot	732c83618b4af40db672	fireprot
732c83618b4af40db672_fireprot	732c83618b4af40db672_tmdbs	732c83618b4af40db672	tmdbs
6daa4a4958d198cc7aa3_fireprot	6daa4a4958d198cc7aa3_fireprot	6daa4a4958d198cc7aa3	fireprot
6daa4a4958d198cc7aa3_fireprot	b52c85d4331d3b5d7552_S2648	b52c85d4331d3b5d7552	S2648
6daa4a4958d198cc7aa3_fireprot	1bb801fc940f6bc1fac4_ptmuld	1bb801fc940f6bc1fac4	ptmuld
6daa4a4958d198cc7aa3_fireprot	ac25bc3c98d4695d9ddc_ptmuld	ac25bc3c98d4695d9ddc	ptmuld
6daa4a4958d198cc7aa3_fireprot	6daa4a4958d198cc7aa3_tmdbs	6daa4a4958d198cc7aa3	tmdbs
6daa4a4958d198cc7aa3_fireprot	e91c32fc0f7936e0e3ea_tmdbs	e91c32fc0f7936e0e3ea	tmdbs
6daa4a4958d198cc7aa3_fireprot	e91c32fc0f7936e0e3ea_tmdbm	e91c32fc0f7936e0e3ea	tmdbm
6daa4a4958d198cc7aa3_fireprot	bf1e9cb96573d26f633c_fireprot	bf1e9cb96573d26f633c	fireprot
6daa4a4958d198cc7aa3_fireprot	ce3e546baefd1f214fcc_fireprot	ce3e546baefd1f214fcc	fireprot
6daa4a4958d198cc7aa3_fireprot	bf1e9cb96573d26f633c_tmdbs	bf1e9cb96573d26f633c	tmdbs
6daa4a4958d198cc7aa3_fireprot	bf1e9cb96573d26f633c_tmdbm	bf1e9cb96573d26f633c	tmdbm
366485a8c264646679a6_fireprot	366485a8c264646679a6_fireprot	366485a8c264646679a6	fireprot
366485a8c264646679a6_fireprot	ae5b0066d2da864c55e4_S2648	ae5b0066d2da864c55e4	S2648
366485a8c264646679a6_fireprot	1c83fa7a3e8d19cdd854_ptmuld	1c83fa7a3e8d19cdd854	ptmuld
366485a8c264646679a6_fireprot	ae5b0066d2da864c55e4_tmdbs	ae5b0066d2da864c55e4	tmdbs
366485a8c264646679a6_fireprot	ae5b0066d2da864c55e4_tmdbm	ae5b0066d2da864c55e4	tmdbm
a6b0dce31c68a39d61b6_fireprot	a6b0dce31c68a39d61b6_fireprot	a6b0dce31c68a39d61b6	fireprot
a6b0dce31c68a39d61b6_fireprot	de651b1385f8e21f3416_mega	de651b1385f8e21f3416	mega
a6b0dce31c68a39d61b6_fireprot	21a24972bbb20d54bef2_mega	21a24972bbb20d54bef2	mega
a6b0dce31c68a39d61b6_fireprot	38a18217ee931b8204c6_S669	38a18217ee931b8204c6	S669
a6b0dce31c68a39d61b6_fireprot	38a18217ee931b8204c6_tmdbs	38a18217ee931b8204c6	tmdbs
f78b5f9356e70e8f391c_fireprot	f78b5f9356e70e8f391c_fireprot	f78b5f9356e70e8f391c	fireprot
f78b5f9356e70e8f391c_fireprot	682886f8b1d3b3d475ce_S669	682886f8b1d3b3d475ce	S669
f78b5f9356e70e8f391c_fireprot	682886f8b1d3b3d475ce_tmdbs	682886f8b1d3b3d475ce	tmdbs
f78b5f9356e70e8f391c_fireprot	9a141d186b39646ce571_fireprot	9a141d186b39646ce571	fireprot
f78b5f9356e70e8f391c_fireprot	cd1949e7aa0ab595a792_S669	cd1949e7aa0ab595a792	S669
f78b5f9356e70e8f391c_fireprot	cd1949e7aa0ab595a792_tmdbs	cd1949e7aa0ab595a792	tmdbs
1de72bad75c5c0ac6098_fireprot	1de72bad75c5c0ac6098_fireprot	1de72bad75c5c0ac6098	fireprot
1de72bad75c5c0ac6098_fireprot	b8dd6f65893d80e6beec_S669	b8dd6f65893d80e6beec	S669
1de72bad75c5c0ac6098_fireprot	b8dd6f65893d80e6beec_tmdbs	b8dd6f65893d80e6beec	tmdbs
1de72bad75c5c0ac6098_fireprot	f4ab538a997ed4ae183f_mega	f4ab538a997ed4ae183f	mega
1de72bad75c5c0ac6098_fireprot	1300945a5c74db4020a5_mega	1300945a5c74db4020a5	mega
12b92bfdeeef06f05ae9_fireprot	12b92bfdeeef06f05ae9_fireprot	12b92bfdeeef06f05ae9	fireprot
12b92bfdeeef06f05ae9_fireprot	396675418773f4b975f6_S2648	396675418773f4b975f6	S2648
6d5815ae547902a98dd1_fireprot	6d5815ae547902a98dd1_fireprot	6d5815ae547902a98dd1	fireprot
6d5815ae547902a98dd1_fireprot	72c89d2dd46991565212_S2648	72c89d2dd46991565212	S2648
6d5815ae547902a98dd1_fireprot	72c89d2dd46991565212_tmdbs	72c89d2dd46991565212	tmdbs
039edf692252104fafbe_fireprot	039edf692252104fafbe_fireprot	039edf692252104fafbe	fireprot
039edf692252104fafbe_fireprot	2585df82905437b43644_S2648	2585df82905437b43644	S2648
039edf692252104fafbe_fireprot	2585df82905437b43644_tmdbs	2585df82905437b43644	tmdbs
3675d2c77889b7982ce4_fireprot	3675d2c77889b7982ce4_fireprot	3675d2c77889b7982ce4	fireprot
3d4db039b90356723395_fireprot	3d4db039b90356723395_fireprot	3d4db039b90356723395	fireprot
55a634a01da89f289c6a_fireprot	55a634a01da89f289c6a_fireprot	55a634a01da89f289c6a	fireprot
0ffd7753eae63ea5b432_fireprot	0ffd7753eae63ea5b432_fireprot	0ffd7753eae63ea5b432	fireprot
a2ba3f7edc2ef71b6c85_tmdbs	a2ba3f7edc2ef71b6c85_tmdbs	a2ba3f7edc2ef71b6c85	tmdbs
a2ba3f7edc2ef71b6c85_tmdbs	5215aa15815aa70cc1b6_mega	5215aa15815aa70cc1b6	mega
a2ba3f7edc2ef71b6c85_tmdbs	0e19c0fef51dbfdbe987_mega	0e19c0fef51dbfdbe987	mega
a2ba3f7edc2ef71b6c85_tmdbs	3bde72c812e81de3e8f4_mega	3bde72c812e81de3e8f4	mega
a2ba3f7edc2ef71b6c85_tmdbs	ed52f56388e6bff150b2_mega	ed52f56388e6bff150b2	mega
a2ba3f7edc2ef71b6c85_tmdbs	431d4e78b83e375f210d_mega	431d4e78b83e375f210d	mega
4c09ff2a430f2c3092d6_tmdbs	4c09ff2a430f2c3092d6_tmdbs	4c09ff2a430f2c3092d6	tmdbs
4c09ff2a430f2c3092d6_tmdbs	382032acb8b806718b99_tmdbs	382032acb8b806718b99	tmdbs
de63e2273a872252ca8f_tmdbs	de63e2273a872252ca8f_tmdbs	de63e2273a872252ca8f	tmdbs
de63e2273a872252ca8f_tmdbs	4e265965c54f4e059389_S669	4e265965c54f4e059389	S669
de63e2273a872252ca8f_tmdbs	34e0fa7624c8faeff95c_S669	34e0fa7624c8faeff95c	S669
de63e2273a872252ca8f_tmdbs	34e0fa7624c8faeff95c_tmdbs	34e0fa7624c8faeff95c	tmdbs
64cec765009c864893e1_tmdbs	64cec765009c864893e1_tmdbs	64cec765009c864893e1	tmdbs
6ea42715fbc0817528fc_tmdbs	6ea42715fbc0817528fc_tmdbs	6ea42715fbc0817528fc	tmdbs
6ea42715fbc0817528fc_tmdbs	e63b98694236ddccb802_tmdbs	e63b98694236ddccb802	tmdbs
6ea42715fbc0817528fc_tmdbs	fd2f72cdfd8f265570e1_S2648	fd2f72cdfd8f265570e1	S2648
6ea42715fbc0817528fc_tmdbs	fb6c1f0fc4a213ec7efa_S2648	fb6c1f0fc4a213ec7efa	S2648
6ea42715fbc0817528fc_tmdbs	5b8f55d36936eeb0e111_tmdbs	5b8f55d36936eeb0e111	tmdbs
6ea42715fbc0817528fc_tmdbs	fd2f72cdfd8f265570e1_tmdbs	fd2f72cdfd8f265570e1	tmdbs
6ea42715fbc0817528fc_tmdbs	fb6c1f0fc4a213ec7efa_tmdbs	fb6c1f0fc4a213ec7efa	tmdbs
6ea42715fbc0817528fc_tmdbs	514ae66c5f41db9b42c7_tmdbs	514ae66c5f41db9b42c7	tmdbs
3859d9ebee75bbc1f5b1_tmdbs	3859d9ebee75bbc1f5b1_tmdbs	3859d9ebee75bbc1f5b1	tmdbs
d75151fadd833a682325_tmdbs	d75151fadd833a682325_tmdbs	d75151fadd833a682325	tmdbs
d75151fadd833a682325_tmdbs	fb9e1d80e5e3575c37e4_S669	fb9e1d80e5e3575c37e4	S669
d75151fadd833a682325_tmdbs	4d72572bd25fa1292d6a_S669	4d72572bd25fa1292d6a	S669
d75151fadd833a682325_tmdbs	a042eba155ca5f149027_S669	a042eba155ca5f149027	S669
d75151fadd833a682325_tmdbs	4d72572bd25fa1292d6a_tmdbs	4d72572bd25fa1292d6a	tmdbs
b066a17485b93c4dc2f0_tmdbs	b066a17485b93c4dc2f0_tmdbs	b066a17485b93c4dc2f0	tmdbs
b066a17485b93c4dc2f0_tmdbs	86b5c1f8a063a665e628_ptmuld	86b5c1f8a063a665e628	ptmuld
b066a17485b93c4dc2f0_tmdbs	e53d677e2014bbed5346_ptmuld	e53d677e2014bbed5346	ptmuld
b066a17485b93c4dc2f0_tmdbs	608ad6558133df1d82cc_ptmulnr	608ad6558133df1d82cc	ptmulnr
b066a17485b93c4dc2f0_tmdbs	f5f6860ec21f84aac247_ptmulnr	f5f6860ec21f84aac247	ptmulnr
b066a17485b93c4dc2f0_tmdbs	428abe70e458e44deec6_fireprot	428abe70e458e44deec6	fireprot
b066a17485b93c4dc2f0_tmdbs	608ad6558133df1d82cc_fireprot	608ad6558133df1d82cc	fireprot
b066a17485b93c4dc2f0_tmdbs	30c1fd339a48b5f88d6d_tmdbs	30c1fd339a48b5f88d6d	tmdbs
b066a17485b93c4dc2f0_tmdbs	86b5c1f8a063a665e628_tmdbs	86b5c1f8a063a665e628	tmdbs
b066a17485b93c4dc2f0_tmdbs	f5f6860ec21f84aac247_tmdbs	f5f6860ec21f84aac247	tmdbs
b066a17485b93c4dc2f0_tmdbs	e53d677e2014bbed5346_tmdbs	e53d677e2014bbed5346	tmdbs
b066a17485b93c4dc2f0_tmdbs	86b5c1f8a063a665e628_tmdbm	86b5c1f8a063a665e628	tmdbm
65336ba8bc1af7ae7cc1_tmdbs	65336ba8bc1af7ae7cc1_tmdbs	65336ba8bc1af7ae7cc1	tmdbs
a783f706d7f21559ac54_mega	a783f706d7f21559ac54_mega	a783f706d7f21559ac54	mega
a783f706d7f21559ac54_mega	86943167f2fbccc9c77f_mega	86943167f2fbccc9c77f	mega
0290270c19f53436259c_mega	0290270c19f53436259c_mega	0290270c19f53436259c	mega
0290270c19f53436259c_mega	8495ab356d479fadd825_mega	8495ab356d479fadd825	mega
b6ffa306d419674b8797_mega	b6ffa306d419674b8797_mega	b6ffa306d419674b8797	mega
b6ffa306d419674b8797_mega	9fde9fbe99e27ae4d7a2_mega	9fde9fbe99e27ae4d7a2	mega
e956a2efb0909ab92844_mega	e956a2efb0909ab92844_mega	e956a2efb0909ab92844	mega
3f86443ee52b2ce7d48c_mega	3f86443ee52b2ce7d48c_mega	3f86443ee52b2ce7d48c	mega
3f86443ee52b2ce7d48c_mega	bdb42f8d0a00c69c4beb_mega	bdb42f8d0a00c69c4beb	mega
c208c41297ad0e436f6d_mega	c208c41297ad0e436f6d_mega	c208c41297ad0e436f6d	mega
686722b5ad268618ad09_mega	686722b5ad268618ad09_mega	686722b5ad268618ad09	mega
2aececc841825bf563c4_mega	2aececc841825bf563c4_mega	2aececc841825bf563c4	mega
670a2ae7d6c305e140fa_mega	670a2ae7d6c305e140fa_mega	670a2ae7d6c305e140fa	mega
7d901662de2090ef5fc2_mega	7d901662de2090ef5fc2_mega	7d901662de2090ef5fc2	mega
7d901662de2090ef5fc2_mega	8fbad11a565ddd8da211_mega	8fbad11a565ddd8da211	mega
6511e617e34805992767_mega	6511e617e34805992767_mega	6511e617e34805992767	mega
6511e617e34805992767_mega	bd8945595c9dbef47de1_mega	bd8945595c9dbef47de1	mega
6511e617e34805992767_mega	49ed73a321a277a40b6b_mega	49ed73a321a277a40b6b	mega
6511e617e34805992767_mega	5f2d0e861bc9cfa24624_mega	5f2d0e861bc9cfa24624	mega
6511e617e34805992767_mega	ab8cb96a8aeb8e3c6f27_mega	ab8cb96a8aeb8e3c6f27	mega
6511e617e34805992767_mega	67812ece0f8b03615492_mega	67812ece0f8b03615492	mega
ba88613d28bacd35407b_mega	ba88613d28bacd35407b_mega	ba88613d28bacd35407b	mega
5588d1d27ef6c7257e9f_mega	5588d1d27ef6c7257e9f_mega	5588d1d27ef6c7257e9f	mega
5588d1d27ef6c7257e9f_mega	97178511e639652a9b68_mega	97178511e639652a9b68	mega
5588d1d27ef6c7257e9f_mega	19bbbef8d78fbcbbec49_mega	19bbbef8d78fbcbbec49	mega
5588d1d27ef6c7257e9f_mega	ade89191e2b5e55929da_mega	ade89191e2b5e55929da	mega
5588d1d27ef6c7257e9f_mega	4cb470f57d5679a905b3_mega	4cb470f57d5679a905b3	mega
75378bca90c24cd5cc5a_mega	75378bca90c24cd5cc5a_mega	75378bca90c24cd5cc5a	mega
75378bca90c24cd5cc5a_mega	cfc78423c2f092256cf6_mega	cfc78423c2f092256cf6	mega
991d73704f228c411665_mega	991d73704f228c411665_mega	991d73704f228c411665	mega
3fb128aaae2055e93d62_mega	3fb128aaae2055e93d62_mega	3fb128aaae2055e93d62	mega
3fb128aaae2055e93d62_mega	4ce94321f84de5999701_mega	4ce94321f84de5999701	mega
3fb128aaae2055e93d62_mega	48418b2cd0bd07b75161_mega	48418b2cd0bd07b75161	mega
3fb128aaae2055e93d62_mega	4a1795ec8b368ecdd287_mega	4a1795ec8b368ecdd287	mega
3fb128aaae2055e93d62_mega	5aa562e34593c6382f17_mega	5aa562e34593c6382f17	mega
3fb128aaae2055e93d62_mega	11331e62a35a851c03da_mega	11331e62a35a851c03da	mega
047c9752ebd0431cfada_mega	047c9752ebd0431cfada_mega	047c9752ebd0431cfada	mega
047c9752ebd0431cfada_mega	458f6173b8e13863a00c_mega	458f6173b8e13863a00c	mega
047c9752ebd0431cfada_mega	0fa95e76cdff7cf4f502_mega	0fa95e76cdff7cf4f502	mega
350eaf9ba227a36cb03a_mega	350eaf9ba227a36cb03a_mega	350eaf9ba227a36cb03a	mega
350eaf9ba227a36cb03a_mega	4cbf465fbf7c86ae5fce_mega	4cbf465fbf7c86ae5fce	mega
350eaf9ba227a36cb03a_mega	d8617896391bfcb74989_mega	d8617896391bfcb74989	mega
81e5638d8da8a0039678_mega	81e5638d8da8a0039678_mega	81e5638d8da8a0039678	mega
74f10eb607a78c20a477_mega	74f10eb607a78c20a477_mega	74f10eb607a78c20a477	mega
c20dc27a6c65f36310c7_mega	c20dc27a6c65f36310c7_mega	c20dc27a6c65f36310c7	mega
c20dc27a6c65f36310c7_mega	9560f4568a275f1a0ffb_mega	9560f4568a275f1a0ffb	mega
972729866ed267bf1220_mega	972729866ed267bf1220_mega	972729866ed267bf1220	mega
48a546a40ebf77a95277_mega	48a546a40ebf77a95277_mega	48a546a40ebf77a95277	mega
dbe121952d1d434f0637_mega	dbe121952d1d434f0637_mega	dbe121952d1d434f0637	mega
5dc90be0c80727aa7eae_mega	5dc90be0c80727aa7eae_mega	5dc90be0c80727aa7eae	mega
34edd0e79e9ca97be22d_mega	34edd0e79e9ca97be22d_mega	34edd0e79e9ca97be22d	mega
4e45d89f751cf847892e_mega	4e45d89f751cf847892e_mega	4e45d89f751cf847892e	mega
a9005766e3112c1dd4ce_mega	a9005766e3112c1dd4ce_mega	a9005766e3112c1dd4ce	mega
a9005766e3112c1dd4ce_mega	594da28b982bb4b0cea8_mega	594da28b982bb4b0cea8	mega
bb333642cc54838f618c_mega	bb333642cc54838f618c_mega	bb333642cc54838f618c	mega
bb333642cc54838f618c_mega	541e2de3a58f2c2c57fa_mega	541e2de3a58f2c2c57fa	mega
bb333642cc54838f618c_mega	f2d9cb6bb1b426f04ab9_mega	f2d9cb6bb1b426f04ab9	mega
bb333642cc54838f618c_mega	d73fa9a6ac06b5fce9fe_mega	d73fa9a6ac06b5fce9fe	mega
960f81935083428b2b0b_mega	960f81935083428b2b0b_mega	960f81935083428b2b0b	mega
960f81935083428b2b0b_mega	81922c8f2bf9cb86a4ff_mega	81922c8f2bf9cb86a4ff	mega
960f81935083428b2b0b_mega	87f60b1b1f745fb1fbc9_mega	87f60b1b1f745fb1fbc9	mega
97ec17f0673e4f0df97a_mega	97ec17f0673e4f0df97a_mega	97ec17f0673e4f0df97a	mega
84b158c831be39e08b7e_mega	84b158c831be39e08b7e_mega	84b158c831be39e08b7e	mega
84b158c831be39e08b7e_mega	9f8b34a2ab6a2ebe2893_mega	9f8b34a2ab6a2ebe2893	mega
db1ad4aa9fd8036c8356_mega	db1ad4aa9fd8036c8356_mega	db1ad4aa9fd8036c8356	mega
feb29e0ba886c76ab8bc_mega	feb29e0ba886c76ab8bc_mega	feb29e0ba886c76ab8bc	mega
2abafcfba49cde4bd4af_mega	2abafcfba49cde4bd4af_mega	2abafcfba49cde4bd4af	mega
6238ad4b191888084327_mega	6238ad4b191888084327_mega	6238ad4b191888084327	mega
e8d2ef2dd1c780742048_mega	e8d2ef2dd1c780742048_mega	e8d2ef2dd1c780742048	mega
58160742ba021036f18b_mega	58160742ba021036f18b_mega	58160742ba021036f18b	mega
ad16bdcff30417a85415_mega	ad16bdcff30417a85415_mega	ad16bdcff30417a85415	mega
74ea02ca052006cbabf9_mega	74ea02ca052006cbabf9_mega	74ea02ca052006cbabf9	mega
9c8f5e46afb10fdb3bb4_mega	9c8f5e46afb10fdb3bb4_mega	9c8f5e46afb10fdb3bb4	mega
73f27ea814bf3787b30f_mega	73f27ea814bf3787b30f_mega	73f27ea814bf3787b30f	mega
7e58ce4e67e214a63878_mega	7e58ce4e67e214a63878_mega	7e58ce4e67e214a63878	mega
d3e3301b6f680304c163_mega	d3e3301b6f680304c163_mega	d3e3301b6f680304c163	mega
b9dc59a9e45c679fd1cc_mega	b9dc59a9e45c679fd1cc_mega	b9dc59a9e45c679fd1cc	mega
bb0eb875b6a77a191585_mega	bb0eb875b6a77a191585_mega	bb0eb875b6a77a191585	mega
1533e1e3025f14c7628d_mega	1533e1e3025f14c7628d_mega	1533e1e3025f14c7628d	mega
779404fb5b98c6396b86_mega	779404fb5b98c6396b86_mega	779404fb5b98c6396b86	mega
1ebfe7059252a626387b_mega	1ebfe7059252a626387b_mega	1ebfe7059252a626387b	mega
a89d95b7ea675750ddf8_mega	a89d95b7ea675750ddf8_mega	a89d95b7ea675750ddf8	mega
efd1c9b4ea140ce5dd6e_mega	efd1c9b4ea140ce5dd6e_mega	efd1c9b4ea140ce5dd6e	mega
996bc31f2c44a8bf00f9_tmdbs	996bc31f2c44a8bf00f9_tmdbs	996bc31f2c44a8bf00f9	tmdbs
996bc31f2c44a8bf00f9_tmdbs	ef987e1ff48d32f1bfac_S2648	ef987e1ff48d32f1bfac	S2648
996bc31f2c44a8bf00f9_tmdbs	ef987e1ff48d32f1bfac_ptmuld	ef987e1ff48d32f1bfac	ptmuld
996bc31f2c44a8bf00f9_tmdbs	a1c9d977ca7521e9d881_fireprot	a1c9d977ca7521e9d881	fireprot
996bc31f2c44a8bf00f9_tmdbs	996bc31f2c44a8bf00f9_tmdbm	996bc31f2c44a8bf00f9	tmdbm
996bc31f2c44a8bf00f9_tmdbs	fbb21b7f27d42fbe7ef9_tmdbs	fbb21b7f27d42fbe7ef9	tmdbs
996bc31f2c44a8bf00f9_tmdbs	90e7a2fc7dc4e7059dcd_ptmuld	90e7a2fc7dc4e7059dcd	ptmuld
996bc31f2c44a8bf00f9_tmdbs	90e7a2fc7dc4e7059dcd_tmdbm	90e7a2fc7dc4e7059dcd	tmdbm
f6fafdff798ccc1ceecc_tmdbs	f6fafdff798ccc1ceecc_tmdbs	f6fafdff798ccc1ceecc	tmdbs
81bcecad499ed46a1ecc_tmdbs	81bcecad499ed46a1ecc_tmdbs	81bcecad499ed46a1ecc	tmdbs
6d4c7b2a65f0c67ff83f_tmdbs	6d4c7b2a65f0c67ff83f_tmdbs	6d4c7b2a65f0c67ff83f	tmdbs
6d4c7b2a65f0c67ff83f_tmdbs	d384fcff5a9924933108_tmdbs	d384fcff5a9924933108	tmdbs
69e20ed124bdd3afc5d3_tmdbs	69e20ed124bdd3afc5d3_tmdbs	69e20ed124bdd3afc5d3	tmdbs
69e20ed124bdd3afc5d3_tmdbs	773410bd0be8e517a5db_mega	773410bd0be8e517a5db	mega
69e20ed124bdd3afc5d3_tmdbs	a434e215ba8df1476742_mega	a434e215ba8df1476742	mega
69e20ed124bdd3afc5d3_tmdbs	47fb616bcf80e5136b9c_mega	47fb616bcf80e5136b9c	mega
69e20ed124bdd3afc5d3_tmdbs	3a6f65bd9d33e3293bd6_mega	3a6f65bd9d33e3293bd6	mega
69e20ed124bdd3afc5d3_tmdbs	7acdf4ac09031881fd0a_mega	7acdf4ac09031881fd0a	mega
69e20ed124bdd3afc5d3_tmdbs	47fb616bcf80e5136b9c_tmdbs	47fb616bcf80e5136b9c	tmdbs
e3cf53e8e38e32da88e9_tmdbs	e3cf53e8e38e32da88e9_tmdbs	e3cf53e8e38e32da88e9	tmdbs
e3cf53e8e38e32da88e9_tmdbs	59523bbacbdc27358e85_S669	59523bbacbdc27358e85	S669
0cb4491bf1e1cb34adce_tmdbs	0cb4491bf1e1cb34adce_tmdbs	0cb4491bf1e1cb34adce	tmdbs
0cb4491bf1e1cb34adce_tmdbs	c66ca33b8d21829bac9f_S2648	c66ca33b8d21829bac9f	S2648
0cb4491bf1e1cb34adce_tmdbs	19626341e3ab3e9977e5_S669	19626341e3ab3e9977e5	S669
0cb4491bf1e1cb34adce_tmdbs	c00077e742bfab3d0c5f_S669	c00077e742bfab3d0c5f	S669
0cb4491bf1e1cb34adce_tmdbs	8b04d798b4c66b21f845_S669	8b04d798b4c66b21f845	S669
0cb4491bf1e1cb34adce_tmdbs	2e4ac2cf598f25e3300d_S669	2e4ac2cf598f25e3300d	S669
0cb4491bf1e1cb34adce_tmdbs	5cbee7dbcb03c738ab1b_S669	5cbee7dbcb03c738ab1b	S669
7caf5001cafd83b617e1_tmdbs	7caf5001cafd83b617e1_tmdbs	7caf5001cafd83b617e1	tmdbs
7caf5001cafd83b617e1_tmdbs	e3a0dd4c8578511670ce_S2648	e3a0dd4c8578511670ce	S2648
060d7b71fc84f8f1f7e6_tmdbs	060d7b71fc84f8f1f7e6_tmdbs	060d7b71fc84f8f1f7e6	tmdbs
060d7b71fc84f8f1f7e6_tmdbs	9c88e0501b9c380195cc_S669	9c88e0501b9c380195cc	S669
aae339eb03019266569b_tmdbs	aae339eb03019266569b_tmdbs	aae339eb03019266569b	tmdbs
aae339eb03019266569b_tmdbs	018bb7000edb8a0192ad_S669	018bb7000edb8a0192ad	S669
57b41a67f745aeecc41c_tmdbs	57b41a67f745aeecc41c_tmdbs	57b41a67f745aeecc41c	tmdbs
57b41a67f745aeecc41c_tmdbs	0a0c511a27be5f3d0d14_S2648	0a0c511a27be5f3d0d14	S2648
f7639e41757d1ddfcb5f_tmdbs	f7639e41757d1ddfcb5f_tmdbs	f7639e41757d1ddfcb5f	tmdbs
f7639e41757d1ddfcb5f_tmdbs	79262ea47339739098ff_S669	79262ea47339739098ff	S669
f7639e41757d1ddfcb5f_tmdbs	79262ea47339739098ff_tmdbs	79262ea47339739098ff	tmdbs
7a0f9127200896ed0b36_tmdbs	7a0f9127200896ed0b36_tmdbs	7a0f9127200896ed0b36	tmdbs
7bfb37a78398b9d8936a_tmdbs	7bfb37a78398b9d8936a_tmdbs	7bfb37a78398b9d8936a	tmdbs
85e0bd21ac562645e812_tmdbs	85e0bd21ac562645e812_tmdbs	85e0bd21ac562645e812	tmdbs
9701477f9b34286b3cc6_tmdbs	9701477f9b34286b3cc6_tmdbs	9701477f9b34286b3cc6	tmdbs
9701477f9b34286b3cc6_tmdbs	f0701a82b6d31864256a_mega	f0701a82b6d31864256a	mega
9701477f9b34286b3cc6_tmdbs	57115714fd6439752991_mega	57115714fd6439752991	mega
9701477f9b34286b3cc6_tmdbs	c91112a3f48bd5d1a5a9_mega	c91112a3f48bd5d1a5a9	mega
9701477f9b34286b3cc6_tmdbs	fa318866c425334483a0_mega	fa318866c425334483a0	mega
9701477f9b34286b3cc6_tmdbs	49fc8a63f2d4f0a9a602_mega	49fc8a63f2d4f0a9a602	mega
9701477f9b34286b3cc6_tmdbs	de7d5aef1173e06d7a0a_mega	de7d5aef1173e06d7a0a	mega
9701477f9b34286b3cc6_tmdbs	92f00d6e24bba4839b5b_mega	92f00d6e24bba4839b5b	mega
9701477f9b34286b3cc6_tmdbs	e83953750dcb12bb6899_mega	e83953750dcb12bb6899	mega
9701477f9b34286b3cc6_tmdbs	48c7676f5f46c6755d78_mega	48c7676f5f46c6755d78	mega
9701477f9b34286b3cc6_tmdbs	a2cd7eaba8db01fe5674_mega	a2cd7eaba8db01fe5674	mega
9701477f9b34286b3cc6_tmdbs	3cd6213bee178eb0d919_mega	3cd6213bee178eb0d919	mega
9701477f9b34286b3cc6_tmdbs	08f63ac9a85bce9135af_mega	08f63ac9a85bce9135af	mega
9701477f9b34286b3cc6_tmdbs	fcc1d0e443782f43afb0_mega	fcc1d0e443782f43afb0	mega
9701477f9b34286b3cc6_tmdbs	c391edcfd0f9e5ff51dc_mega	c391edcfd0f9e5ff51dc	mega
9701477f9b34286b3cc6_tmdbs	f1d0bc8d073ec95126e8_mega	f1d0bc8d073ec95126e8	mega
9701477f9b34286b3cc6_tmdbs	841d80cc36fc07fb7a4f_mega	841d80cc36fc07fb7a4f	mega
9701477f9b34286b3cc6_tmdbs	e95f0474dd9c90fa56ed_S2648	e95f0474dd9c90fa56ed	S2648
9701477f9b34286b3cc6_tmdbs	14af28b910871c2e773a_ptmuld	14af28b910871c2e773a	ptmuld
9701477f9b34286b3cc6_tmdbs	e95f0474dd9c90fa56ed_tmdbs	e95f0474dd9c90fa56ed	tmdbs
9701477f9b34286b3cc6_tmdbs	e95f0474dd9c90fa56ed_tmdbm	e95f0474dd9c90fa56ed	tmdbm
bd1b05e544d8f1c50428_tmdbs	bd1b05e544d8f1c50428_tmdbs	bd1b05e544d8f1c50428	tmdbs
bd1b05e544d8f1c50428_tmdbs	f5f994481e76835b899a_S669	f5f994481e76835b899a	S669
bd1b05e544d8f1c50428_tmdbs	a2dc0e198a1b8bdf4800_S669	a2dc0e198a1b8bdf4800	S669
bd1b05e544d8f1c50428_tmdbs	a2dc0e198a1b8bdf4800_tmdbs	a2dc0e198a1b8bdf4800	tmdbs
bebe762730b75243829d_tmdbs	bebe762730b75243829d_tmdbs	bebe762730b75243829d	tmdbs
bebe762730b75243829d_tmdbs	e02374df322a31bb6778_S2648	e02374df322a31bb6778	S2648
bebe762730b75243829d_tmdbs	43c4d68cc00f3df5c923_S669	43c4d68cc00f3df5c923	S669
4005b5050c202e99e2a5_tmdbs	4005b5050c202e99e2a5_tmdbs	4005b5050c202e99e2a5	tmdbs
4005b5050c202e99e2a5_tmdbs	ab69bfdd720d7f33e2e9_mega	ab69bfdd720d7f33e2e9	mega
4005b5050c202e99e2a5_tmdbs	f6a7b0f2e970f7b28f70_mega	f6a7b0f2e970f7b28f70	mega
4005b5050c202e99e2a5_tmdbs	b914382045d6682bf9a7_mega	b914382045d6682bf9a7	mega
4005b5050c202e99e2a5_tmdbs	c94a25a8f45876980bf8_mega	c94a25a8f45876980bf8	mega
4005b5050c202e99e2a5_tmdbs	d16ec6147df269292de3_mega	d16ec6147df269292de3	mega
4005b5050c202e99e2a5_tmdbs	70c7762ab85d8503895c_S2648	70c7762ab85d8503895c	S2648
4005b5050c202e99e2a5_tmdbs	70c7762ab85d8503895c_ptmuld	70c7762ab85d8503895c	ptmuld
4005b5050c202e99e2a5_tmdbs	70c7762ab85d8503895c_tmdbs	70c7762ab85d8503895c	tmdbs
4005b5050c202e99e2a5_tmdbs	70c7762ab85d8503895c_tmdbm	70c7762ab85d8503895c	tmdbm
4005b5050c202e99e2a5_tmdbs	375b8a1060b67c3b23f6_fireprot	375b8a1060b67c3b23f6	fireprot
4005b5050c202e99e2a5_tmdbs	c6b2557a4c9a905ac9d2_mega	c6b2557a4c9a905ac9d2	mega
4005b5050c202e99e2a5_tmdbs	b231e7e49d84ac2c5e11_mega	b231e7e49d84ac2c5e11	mega
4005b5050c202e99e2a5_tmdbs	e89702de7b572897948c_mega	e89702de7b572897948c	mega
4005b5050c202e99e2a5_tmdbs	375b8a1060b67c3b23f6_tmdbs	375b8a1060b67c3b23f6	tmdbs
4005b5050c202e99e2a5_tmdbs	f0213083ebfae49a6c52_mega	f0213083ebfae49a6c52	mega
4005b5050c202e99e2a5_tmdbs	ffae150c4f7bd11d59f6_mega	ffae150c4f7bd11d59f6	mega
4005b5050c202e99e2a5_tmdbs	eee4a4989257dc6e3d23_mega	eee4a4989257dc6e3d23	mega
4005b5050c202e99e2a5_tmdbs	774fa5a25413aff2c6f3_mega	774fa5a25413aff2c6f3	mega
4005b5050c202e99e2a5_tmdbs	871b68a5814493acbcce_mega	871b68a5814493acbcce	mega
4005b5050c202e99e2a5_tmdbs	8062b57fc81306921628_S669	8062b57fc81306921628	S669
4005b5050c202e99e2a5_tmdbs	58f60bb1d8aaad83cd79_mega	58f60bb1d8aaad83cd79	mega
4005b5050c202e99e2a5_tmdbs	9680013acdeff88cc5a2_mega	9680013acdeff88cc5a2	mega
4005b5050c202e99e2a5_tmdbs	656814626a3b0249ad99_mega	656814626a3b0249ad99	mega
4005b5050c202e99e2a5_tmdbs	70b8f8e832f44287f845_fireprot	70b8f8e832f44287f845	fireprot
4005b5050c202e99e2a5_tmdbs	9335db61a9e401b5c2e0_S2648	9335db61a9e401b5c2e0	S2648
4005b5050c202e99e2a5_tmdbs	9335db61a9e401b5c2e0_tmdbs	9335db61a9e401b5c2e0	tmdbs
4005b5050c202e99e2a5_tmdbs	66ececd2fc1942ab4755_mega	66ececd2fc1942ab4755	mega
4005b5050c202e99e2a5_tmdbs	280d442b4b7fdec0652a_mega	280d442b4b7fdec0652a	mega
4005b5050c202e99e2a5_tmdbs	3755b33919ea151117dd_mega	3755b33919ea151117dd	mega
4005b5050c202e99e2a5_tmdbs	f684fd75778d249ebeab_mega	f684fd75778d249ebeab	mega
8a2bca0acd0dbcb5deab_tmdbs	8a2bca0acd0dbcb5deab_tmdbs	8a2bca0acd0dbcb5deab	tmdbs
8a2bca0acd0dbcb5deab_tmdbs	46815ad79a7a149d9c46_S669	46815ad79a7a149d9c46	S669
8a2bca0acd0dbcb5deab_tmdbs	1057ab4b4b5495647057_tmdbs	1057ab4b4b5495647057	tmdbs
8a2bca0acd0dbcb5deab_tmdbs	ee867b45a223d05dd3ae_S669	ee867b45a223d05dd3ae	S669
8a2bca0acd0dbcb5deab_tmdbs	52c30fd104aaf96a7cb7_tmdbs	52c30fd104aaf96a7cb7	tmdbs
434b9376e19f5001da13_tmdbs	434b9376e19f5001da13_tmdbs	434b9376e19f5001da13	tmdbs
dba59380683a6eb82777_tmdbs	dba59380683a6eb82777_tmdbs	dba59380683a6eb82777	tmdbs
dba59380683a6eb82777_tmdbs	adbed31d9631c221af5e_S669	adbed31d9631c221af5e	S669
dba59380683a6eb82777_tmdbs	1e30891572604ebbb414_S669	1e30891572604ebbb414	S669
cec24d02005c641908d1_tmdbs	cec24d02005c641908d1_tmdbs	cec24d02005c641908d1	tmdbs
cec24d02005c641908d1_tmdbs	40f4d066f50653b120bf_S2648	40f4d066f50653b120bf	S2648
cec24d02005c641908d1_tmdbs	40f4d066f50653b120bf_tmdbs	40f4d066f50653b120bf	tmdbs
179a02e8e71d4b1f111c_tmdbs	179a02e8e71d4b1f111c_tmdbs	179a02e8e71d4b1f111c	tmdbs
9d19d9843878cd442233_tmdbs	9d19d9843878cd442233_tmdbs	9d19d9843878cd442233	tmdbs
9d19d9843878cd442233_tmdbs	c9324447a9c2402491e2_S2648	c9324447a9c2402491e2	S2648
9d19d9843878cd442233_tmdbs	c9324447a9c2402491e2_ptmuld	c9324447a9c2402491e2	ptmuld
9d19d9843878cd442233_tmdbs	c9324447a9c2402491e2_tmdbs	c9324447a9c2402491e2	tmdbs
9d19d9843878cd442233_tmdbs	9d19d9843878cd442233_tmdbm	9d19d9843878cd442233	tmdbm
9d19d9843878cd442233_tmdbs	c9324447a9c2402491e2_tmdbm	c9324447a9c2402491e2	tmdbm
02ee5fe323e415fca3bb_tmdbs	02ee5fe323e415fca3bb_tmdbs	02ee5fe323e415fca3bb	tmdbs
99e7c3eb8c9da4982d77_tmdbs	99e7c3eb8c9da4982d77_tmdbs	99e7c3eb8c9da4982d77	tmdbs
99e7c3eb8c9da4982d77_tmdbs	50339025ebce14e5d3e1_S669	50339025ebce14e5d3e1	S669
